Creditability,Account Balance,Payment Status,Savings/Stock Value,Employment Length,Sex & Marital Status,NumberCredits,Guarantors,Concurrent Credits,Purpose,Age (years),AgeGroups
Good,NoAccount,NoProblem,NoSavings,BellowOneYear,MaleSingle,One,No,NoCredit,UsedCar,21,Young
Good,NoAccount,NoProblem,NoSavings,OneToFour,MaleMarried,OnePlus,No,NoCredit,Other,36,MidAgeAdult
Good,NoBalance,NoProblem,BellowHundred,FourToSevent,MaleSingle,One,No,NoCredit,Other,23,Young
Good,NoAccount,NoProblem,NoSavings,OneToFour,MaleMarried,OnePlus,No,NoCredit,Other,39,MidAgeAdult
Good,NoAccount,NoProblem,NoSavings,OneToFour,MaleMarried,OnePlus,No,OtherBanks,Other,38,MidAgeAdult
Good,NoAccount,NoProblem,NoSavings,BellowOneYear,MaleMarried,OnePlus,No,NoCredit,Other,48,OldAdult
Good,NoAccount,NoProblem,NoSavings,FourToSevent,MaleMarried,OnePlus,No,NoCredit,Other,39,MidAgeAdult
Good,NoAccount,NoProblem,NoSavings,BellowOneYear,MaleMarried,One,No,NoCredit,Other,40,OldAdult
Good,SomeBalance,NoProblem,NoSavings,BellowOneYear,MaleSingle,OnePlus,No,NoCredit,HouseRelated,65,Senior
Good,NoBalance,NoProblem,Other,BellowOneYear,MaleSingle,One,No,NoCredit,HouseRelated,23,Young
Good,NoAccount,NoProblem,NoSavings,OneToFour,MaleMarried,OnePlus,No,NoCredit,Other,36,MidAgeAdult
Good,NoAccount,NoProblem,BellowHundred,FourToSevent,Female,OnePlus,No,NoCredit,NewCar,24,Young
Good,NoAccount,NoProblem,NoSavings,FourToSevent,MaleSingle,One,No,NoCredit,HouseRelated,31,MidAgeAdult
Good,NoBalance,NoProblem,BellowHundred,BellowOneYear,MaleMarried,One,No,NoCredit,Other,31,MidAgeAdult
Good,NoAccount,NoProblem,AboveThousand,FourToSevent,Female,OnePlus,No,NoCredit,HouseRelated,23,Young
Good,NoAccount,NoProblem,Other,OneToFour,MaleMarried,One,No,NoCredit,HouseRelated,44,OldAdult
Good,NoAccount,NoProblem,NoSavings,OneToFour,MaleMarried,OnePlus,No,NoCredit,Other,40,OldAdult
Good,NoBalance,NoProblem,Other,BellowOneYear,Female,One,No,NoCredit,HouseRelated,25,Young
Good,NoBalance,NoProblem,NoSavings,AboveSevent,MaleMarried,One,No,NoCredit,HouseRelated,36,MidAgeAdult
Good,SomeBalance,NoProblem,NoSavings,OneToFour,MaleMarried,OnePlus,No,NoCredit,Other,39,MidAgeAdult
Good,NoAccount,NoProblem,NoSavings,OneToFour,MaleMarried,OnePlus,No,NoCredit,Other,37,MidAgeAdult
Good,NoBalance,NoProblem,NoSavings,BellowOneYear,MaleMarried,OnePlus,No,OtherBanks,Other,49,OldAdult
Bad,NoBalance,NoProblem,NoSavings,BellowOneYear,MaleMarried,One,No,NoCredit,HouseRelated,33,MidAgeAdult
Good,NoBalance,NoProblem,NoSavings,FourToSevent,MaleMarried,One,No,NoCredit,HouseRelated,26,MidAgeAdult
Good,NoAccount,NoProblem,AboveThousand,BellowOneYear,MaleMarried,OnePlus,No,NoCredit,Other,44,OldAdult
Good,NoBalance,NoProblem,NoSavings,FourToSevent,MaleMarried,One,No,NoCredit,HouseRelated,51,OldAdult
Good,NoAccount,NoProblem,NoSavings,AboveSevent,MaleSingle,One,No,NoCredit,UsedCar,24,Young
Good,NoBalance,NoProblem,NoSavings,AboveSevent,MaleMarried,OnePlus,No,NoCredit,HouseRelated,37,MidAgeAdult
Good,SomeBalance,NoProblem,AboveThousand,OneToFour,MaleMarried,One,No,NoCredit,Other,29,MidAgeAdult
Good,SomeBalance,NoProblem,NoSavings,AboveSevent,MaleMarried,One,No,NoCredit,NewCar,56,OldAdult
Good,SomeBalance,NoProblem,NoSavings,AboveSevent,MaleMarried,One,No,NoCredit,HouseRelated,47,OldAdult
Good,SomeBalance,NoProblem,NoSavings,FourToSevent,MaleMarried,OnePlus,No,NoCredit,Other,37,MidAgeAdult
Good,SomeBalance,NoProblem,NoSavings,AboveSevent,MaleMarried,OnePlus,No,NoCredit,Other,34,MidAgeAdult
Good,SomeBalance,NoProblem,Other,FourToSevent,MaleSingle,One,No,NoCredit,HouseRelated,28,MidAgeAdult
Good,NoAccount,NoProblem,NoSavings,BellowOneYear,MaleMarried,One,No,NoCredit,Other,36,MidAgeAdult
Good,NoAccount,NoProblem,NoSavings,AboveSevent,MaleSingle,OnePlus,No,NoCredit,Other,39,MidAgeAdult
Good,SomeBalance,NoProblem,NoSavings,AboveSevent,MaleMarried,OnePlus,No,NoCredit,Other,38,MidAgeAdult
Good,SomeBalance,NoProblem,NoSavings,AboveSevent,MaleMarried,OnePlus,No,NoCredit,HouseRelated,26,MidAgeAdult
Good,SomeBalance,NoProblem,AboveThousand,OneToFour,MaleMarried,One,No,NoCredit,NewCar,31,MidAgeAdult
Good,SomeBalance,NoProblem,NoSavings,AboveSevent,MaleSingle,OnePlus,No,NoCredit,NewCar,41,OldAdult
Good,SomeBalance,NoProblem,AboveThousand,FourToSevent,MaleSingle,OnePlus,No,NoCredit,HouseRelated,23,Young
Good,NoAccount,NoProblem,NoSavings,AboveSevent,MaleSingle,One,Yes,NoCredit,Other,58,OldAdult
Good,SomeBalance,NoProblem,NoSavings,OneToFour,MaleSingle,OnePlus,No,NoCredit,Other,36,MidAgeAdult
Good,NoBalance,NoProblem,AboveThousand,FourToSevent,MaleMarried,OnePlus,No,NoCredit,Other,34,MidAgeAdult
Good,NoBalance,NoProblem,AboveThousand,OneToFour,MaleMarried,One,No,NoCredit,HouseRelated,61,Senior
Bad,NoAccount,NoProblem,NoSavings,BellowOneYear,MaleSingle,One,No,NoCredit,Other,23,Young
Good,SomeBalance,NoProblem,NoSavings,FourToSevent,MaleMarried,One,No,NoCredit,Other,25,Young
Bad,SomeBalance,NoProblem,BellowHundred,OneToFour,MaleSingle,OnePlus,No,NoCredit,HouseRelated,30,MidAgeAdult
Good,SomeBalance,NoProblem,BellowHundred,BellowOneYear,Female,One,No,NoCredit,Other,33,MidAgeAdult
Good,NoAccount,NoProblem,BellowHundred,FourToSevent,MaleMarried,OnePlus,No,NoCredit,Other,26,MidAgeAdult
Good,SomeBalance,NoProblem,NoSavings,OneToFour,MaleSingle,One,No,NoCredit,Other,49,OldAdult
Good,SomeBalance,NoProblem,NoSavings,OneToFour,MaleMarried,One,No,NoCredit,HouseRelated,23,Young
Good,SomeBalance,NoProblem,NoSavings,OneToFour,MaleMarried,OnePlus,No,NoCredit,Other,30,MidAgeAdult
Good,SomeBalance,NoProblem,AboveThousand,AboveSevent,MaleMarried,One,Yes,NoCredit,HouseRelated,49,OldAdult
Good,SomeBalance,NoProblem,AboveThousand,AboveSevent,MaleMarried,One,No,NoCredit,NewCar,41,OldAdult
Good,NoAccount,NoProblem,NoSavings,FourToSevent,MaleSingle,OnePlus,No,NoCredit,HouseRelated,58,OldAdult
Good,SomeBalance,NoProblem,NoSavings,AboveSevent,MaleMarried,OnePlus,No,NoCredit,HouseRelated,63,Senior
Good,NoAccount,NoProblem,NoSavings,BellowOneYear,Female,One,No,NoCredit,HouseRelated,27,MidAgeAdult
Good,SomeBalance,NoProblem,AboveThousand,AboveSevent,MaleMarried,One,No,NoCredit,HouseRelated,41,OldAdult
Good,SomeBalance,NoProblem,AboveThousand,OneToFour,MaleMarried,One,No,NoCredit,Other,36,MidAgeAdult
Good,SomeBalance,NoProblem,Other,OneToFour,MaleMarried,One,No,NoCredit,Other,44,OldAdult
Good,SomeBalance,NoProblem,NoSavings,BellowOneYear,MaleSingle,One,No,NoCredit,NewCar,29,MidAgeAdult
Good,SomeBalance,NoProblem,AboveThousand,AboveSevent,MaleMarried,One,No,NoCredit,HouseRelated,47,OldAdult
Good,SomeBalance,NoProblem,NoSavings,AboveSevent,MaleMarried,OnePlus,No,NoCredit,Other,45,OldAdult
Good,NoAccount,NoProblem,NoSavings,OneToFour,MaleMarried,OnePlus,No,NoCredit,Other,43,OldAdult
Good,SomeBalance,NoProblem,BellowHundred,OneToFour,MaleSingle,OnePlus,No,NoCredit,HouseRelated,27,MidAgeAdult
Good,SomeBalance,NoProblem,NoSavings,OneToFour,MaleMarried,One,No,NoCredit,HouseRelated,52,OldAdult
Good,SomeBalance,NoProblem,NoSavings,FourToSevent,MaleMarried,One,No,NoCredit,HouseRelated,28,MidAgeAdult
Good,NoBalance,NoProblem,NoSavings,OneToFour,MaleSingle,One,No,NoCredit,HouseRelated,22,Young
Good,SomeBalance,NoProblem,NoSavings,AboveSevent,MaleMarried,OnePlus,No,NoCredit,Other,60,Senior
Good,NoBalance,NoProblem,Other,FourToSevent,MaleMarried,OnePlus,No,NoCredit,UsedCar,32,MidAgeAdult
Good,SomeBalance,NoProblem,AboveThousand,AboveSevent,MaleMarried,One,No,NoCredit,HouseRelated,58,OldAdult
Good,SomeBalance,NoProblem,Other,AboveSevent,MaleMarried,One,No,NoCredit,HouseRelated,39,MidAgeAdult
Good,SomeBalance,NoProblem,AboveThousand,FourToSevent,MaleMarried,One,No,OtherBanks,UsedCar,31,MidAgeAdult
Good,SomeBalance,NoProblem,AboveThousand,AboveSevent,MaleMarried,One,No,NoCredit,HouseRelated,37,MidAgeAdult
Good,NoBalance,NoProblem,AboveThousand,FourToSevent,MaleMarried,One,No,NoCredit,UsedCar,24,Young
Good,SomeBalance,NoProblem,NoSavings,AboveSevent,MaleMarried,One,No,NoCredit,NewCar,36,MidAgeAdult
Good,SomeBalance,NoProblem,Other,AboveSevent,MaleMarried,One,No,NoCredit,Other,60,Senior
Good,NoAccount,NoProblem,NoSavings,AboveSevent,Female,OnePlus,No,NoCredit,Other,30,MidAgeAdult
Good,SomeBalance,NoProblem,AboveThousand,AboveSevent,MaleMarried,One,No,NoCredit,HouseRelated,35,MidAgeAdult
Good,SomeBalance,NoProblem,NoSavings,OneToFour,MaleSingle,One,No,NoCredit,Other,37,MidAgeAdult
Good,SomeBalance,NoProblem,AboveThousand,AboveSevent,MaleMarried,One,No,NoCredit,HouseRelated,51,OldAdult
Good,NoBalance,NoProblem,BellowHundred,OneToFour,MaleMarried,OnePlus,No,NoCredit,Other,30,MidAgeAdult
Good,SomeBalance,NoProblem,Other,OneToFour,MaleMarried,One,No,NoCredit,NewCar,36,MidAgeAdult
Good,SomeBalance,NoProblem,AboveThousand,AboveSevent,MaleMarried,One,No,NoCredit,UsedCar,63,Senior
Good,NoAccount,NoProblem,Other,OneToFour,MaleMarried,One,No,NoCredit,Other,31,MidAgeAdult
Good,SomeBalance,NoProblem,NoSavings,FourToSevent,MaleMarried,OnePlus,No,NoCredit,NewCar,35,MidAgeAdult
Good,SomeBalance,NoProblem,NoSavings,OneToFour,MaleSingle,OnePlus,No,NoCredit,HouseRelated,34,MidAgeAdult
Good,NoAccount,NoProblem,Other,FourToSevent,MaleSingle,OnePlus,No,NoCredit,Other,39,MidAgeAdult
Good,NoBalance,NoProblem,AboveThousand,OneToFour,MaleSingle,OnePlus,No,NoCredit,Other,42,OldAdult
Good,NoBalance,NoProblem,BellowHundred,BellowOneYear,MaleMarried,One,No,NoCredit,Other,27,MidAgeAdult
Good,NoBalance,NoProblem,AboveThousand,AboveSevent,MaleSingle,One,No,NoCredit,HouseRelated,25,Young
Good,NoBalance,NoProblem,NoSavings,OneToFour,MaleSingle,OnePlus,No,NoCredit,Other,28,MidAgeAdult
Good,NoAccount,NoProblem,NoSavings,FourToSevent,MaleMarried,One,No,NoCredit,HouseRelated,59,OldAdult
Good,NoBalance,NoProblem,NoSavings,AboveSevent,MaleMarried,One,No,NoCredit,UsedCar,41,OldAdult
Good,SomeBalance,NoProblem,Other,BellowOneYear,MaleMarried,OnePlus,No,OtherBanks,UsedCar,32,MidAgeAdult
Good,NoBalance,NoProblem,NoSavings,OneToFour,MaleSingle,One,No,NoCredit,HouseRelated,23,Young
Bad,NoBalance,NoProblem,NoSavings,OneToFour,MaleSingle,OnePlus,No,OtherBanks,Other,30,MidAgeAdult
Good,NoAccount,NoProblem,NoSavings,OneToFour,MaleMarried,One,No,NoCredit,UsedCar,25,Young
Good,NoBalance,NoProblem,NoSavings,FourToSevent,MaleSingle,OnePlus,No,OtherBanks,Other,41,OldAdult
Good,SomeBalance,NoProblem,Other,OneToFour,MaleMarried,One,No,NoCredit,UsedCar,40,OldAdult
Good,NoAccount,NoProblem,NoSavings,OneToFour,MaleSingle,One,No,NoCredit,Other,22,Young
Good,NoBalance,NoProblem,AboveThousand,OneToFour,MaleMarried,OnePlus,No,OtherBanks,Other,34,MidAgeAdult
Good,NoBalance,NoProblem,NoSavings,OneToFour,MaleSingle,One,No,NoCredit,Other,54,OldAdult
Good,SomeBalance,NoProblem,NoSavings,FourToSevent,Female,OnePlus,Yes,NoCredit,HouseRelated,33,MidAgeAdult
Good,SomeBalance,NoProblem,NoSavings,OneToFour,MaleMarried,One,Yes,NoCredit,Other,31,MidAgeAdult
Good,SomeBalance,NoProblem,NoSavings,OneToFour,MaleSingle,OnePlus,Yes,NoCredit,Other,29,MidAgeAdult
Good,SomeBalance,NoProblem,NoSavings,BellowOneYear,Female,One,No,NoCredit,HouseRelated,39,MidAgeAdult
Good,SomeBalance,NoProblem,NoSavings,BellowOneYear,MaleSingle,One,No,OtherBanks,HouseRelated,38,MidAgeAdult
Good,SomeBalance,NoProblem,AboveThousand,FourToSevent,MaleSingle,One,No,NoCredit,HouseRelated,61,Senior
Bad,NoAccount,NoProblem,NoSavings,OneToFour,MaleSingle,One,No,NoCredit,Other,29,MidAgeAdult
Good,NoAccount,NoProblem,NoSavings,AboveSevent,MaleSingle,One,No,OtherBanks,UsedCar,49,OldAdult
Good,NoBalance,NoProblem,Other,FourToSevent,MaleSingle,One,No,NoCredit,Other,36,MidAgeAdult
Good,SomeBalance,NoProblem,NoSavings,OneToFour,MaleSingle,One,No,NoCredit,UsedCar,26,MidAgeAdult
Good,NoBalance,NoProblem,AboveThousand,FourToSevent,MaleMarried,One,No,NoCredit,UsedCar,35,MidAgeAdult
Good,NoBalance,NoProblem,NoSavings,FourToSevent,MaleMarried,One,No,NoCredit,Other,28,MidAgeAdult
Good,NoBalance,NoProblem,NoSavings,FourToSevent,MaleMarried,One,No,NoCredit,UsedCar,35,MidAgeAdult
Good,SomeBalance,NoProblem,Other,OneToFour,MaleSingle,One,No,NoCredit,NewCar,28,MidAgeAdult
Good,SomeBalance,NoProblem,Other,AboveSevent,MaleMarried,OnePlus,No,NoCredit,HouseRelated,52,OldAdult
Good,SomeBalance,NoProblem,Other,AboveSevent,MaleMarried,One,No,NoCredit,UsedCar,32,MidAgeAdult
Good,NoBalance,NoProblem,NoSavings,BellowOneYear,MaleSingle,One,No,NoCredit,HouseRelated,30,MidAgeAdult
Good,SomeBalance,NoProblem,NoSavings,AboveSevent,MaleMarried,OnePlus,No,NoCredit,NewCar,35,MidAgeAdult
Good,NoBalance,NoProblem,NoSavings,BellowOneYear,Female,One,No,NoCredit,HouseRelated,30,MidAgeAdult
Good,SomeBalance,NoProblem,NoSavings,OneToFour,MaleSingle,One,No,NoCredit,HouseRelated,43,OldAdult
Good,SomeBalance,NoProblem,Other,AboveSevent,MaleMarried,One,No,OtherBanks,HouseRelated,47,OldAdult
Good,SomeBalance,NoProblem,NoSavings,BellowOneYear,Female,OnePlus,No,NoCredit,HouseRelated,47,OldAdult
Good,SomeBalance,NoProblem,AboveThousand,BellowOneYear,MaleSingle,One,No,NoCredit,HouseRelated,24,Young
Good,SomeBalance,NoProblem,Other,OneToFour,MaleMarried,One,No,NoCredit,UsedCar,32,MidAgeAdult
Good,SomeBalance,NoProblem,NoSavings,OneToFour,Female,One,No,NoCredit,Other,30,MidAgeAdult
Good,SomeBalance,NoProblem,BellowHundred,AboveSevent,MaleMarried,One,No,NoCredit,HouseRelated,36,MidAgeAdult
Good,SomeBalance,NoProblem,NoSavings,OneToFour,MaleMarried,One,No,NoCredit,UsedCar,26,MidAgeAdult
Good,SomeBalance,NoProblem,NoSavings,OneToFour,MaleMarried,One,No,NoCredit,UsedCar,43,OldAdult
Good,SomeBalance,NoProblem,NoSavings,OneToFour,MaleMarried,One,No,NoCredit,UsedCar,41,OldAdult
Good,SomeBalance,NoProblem,NoSavings,BellowOneYear,MaleSingle,One,No,NoCredit,HouseRelated,26,MidAgeAdult
Good,SomeBalance,NoProblem,NoSavings,OneToFour,MaleSingle,One,No,NoCredit,Other,64,Senior
Good,SomeBalance,NoProblem,Other,OneToFour,MaleSingle,One,No,NoCredit,UsedCar,33,MidAgeAdult
Good,NoBalance,NoProblem,Other,AboveSevent,MaleMarried,One,No,NoCredit,Other,54,OldAdult
Good,NoAccount,SomeProblems,BellowHundred,FourToSevent,MaleMarried,One,No,OtherBanks,Other,32,MidAgeAdult
Good,NoBalance,NoProblem,AboveThousand,FourToSevent,MaleSingle,OnePlus,No,NoCredit,Other,39,MidAgeAdult
Good,SomeBalance,NoProblem,AboveThousand,OneToFour,MaleMarried,OnePlus,No,NoCredit,HouseRelated,31,MidAgeAdult
Good,SomeBalance,NoProblem,AboveThousand,AboveSevent,MaleSingle,One,No,NoCredit,HouseRelated,45,OldAdult
Good,SomeBalance,NoProblem,AboveThousand,AboveSevent,MaleMarried,One,No,NoCredit,HouseRelated,64,Senior
Good,NoBalance,NoProblem,AboveThousand,AboveSevent,MaleSingle,One,No,NoCredit,HouseRelated,42,OldAdult
Good,SomeBalance,NoProblem,NoSavings,BellowOneYear,MaleMarried,One,No,NoCredit,UsedCar,31,MidAgeAdult
Good,SomeBalance,NoProblem,AboveThousand,OneToFour,MaleSingle,One,No,NoCredit,HouseRelated,25,Young
Good,SomeBalance,NoProblem,AboveThousand,AboveSevent,MaleMarried,One,No,NoCredit,NewCar,46,OldAdult
Good,NoAccount,NoProblem,AboveThousand,AboveSevent,MaleMarried,One,No,OtherBanks,NewCar,49,OldAdult
Good,NoAccount,NoProblem,AboveThousand,AboveSevent,MaleSingle,One,No,NoCredit,UsedCar,49,OldAdult
Good,SomeBalance,NoProblem,NoSavings,FourToSevent,MaleMarried,One,No,NoCredit,Other,36,MidAgeAdult
Good,NoBalance,NoProblem,NoSavings,AboveSevent,MaleMarried,OnePlus,No,NoCredit,HouseRelated,48,OldAdult
Good,SomeBalance,SomeProblems,Other,OneToFour,MaleSingle,OnePlus,No,NoCredit,HouseRelated,42,OldAdult
Good,SomeBalance,NoProblem,NoSavings,BellowOneYear,MaleSingle,One,No,OtherBanks,HouseRelated,29,MidAgeAdult
Good,SomeBalance,NoProblem,AboveThousand,FourToSevent,MaleMarried,OnePlus,No,NoCredit,NewCar,35,MidAgeAdult
Good,NoBalance,NoProblem,BellowHundred,FourToSevent,MaleMarried,OnePlus,No,OtherBanks,Other,38,MidAgeAdult
Good,NoBalance,NoProblem,Other,OneToFour,MaleSingle,One,No,NoCredit,HouseRelated,26,MidAgeAdult
Good,SomeBalance,NoProblem,NoSavings,OneToFour,MaleMarried,OnePlus,No,NoCredit,HouseRelated,35,MidAgeAdult
Good,NoAccount,NoProblem,NoSavings,OneToFour,MaleSingle,One,No,OtherBanks,HouseRelated,23,Young
Good,SomeBalance,NoProblem,NoSavings,FourToSevent,MaleMarried,One,Yes,NoCredit,HouseRelated,38,MidAgeAdult
Bad,NoBalance,SomeProblems,NoSavings,AboveSevent,MaleSingle,One,No,NoCredit,Other,59,OldAdult
Good,NoBalance,NoProblem,NoSavings,AboveSevent,MaleMarried,OnePlus,No,NoCredit,UsedCar,28,MidAgeAdult
Good,SomeBalance,NoProblem,NoSavings,OneToFour,MaleSingle,OnePlus,No,NoCredit,HouseRelated,35,MidAgeAdult
Good,SomeBalance,NoProblem,Other,OneToFour,MaleSingle,OnePlus,No,NoCredit,Other,36,MidAgeAdult
Good,SomeBalance,NoProblem,NoSavings,FourToSevent,MaleSingle,One,No,NoCredit,UsedCar,25,Young
Good,SomeBalance,NoProblem,NoSavings,OneToFour,MaleMarried,One,No,NoCredit,UsedCar,28,MidAgeAdult
Good,SomeBalance,NoProblem,NoSavings,BellowOneYear,MaleSingle,One,No,NoCredit,HouseRelated,23,Young
Good,SomeBalance,NoProblem,NoSavings,OneToFour,MaleMarried,OnePlus,No,NoCredit,Other,48,OldAdult
Good,SomeBalance,NoProblem,NoSavings,FourToSevent,MaleSingle,OnePlus,No,NoCredit,HouseRelated,25,Young
Good,SomeBalance,NoProblem,NoSavings,OneToFour,MaleMarried,One,No,NoCredit,Other,74,Senior
Good,SomeBalance,NoProblem,NoSavings,FourToSevent,MaleSingle,OnePlus,Yes,OtherBanks,UsedCar,24,Young
Good,SomeBalance,NoProblem,NoSavings,OneToFour,MaleSingle,OnePlus,No,NoCredit,HouseRelated,28,MidAgeAdult
Good,SomeBalance,NoProblem,NoSavings,OneToFour,MaleMarried,One,No,NoCredit,HouseRelated,24,Young
Bad,NoAccount,NoProblem,NoSavings,OneToFour,MaleSingle,One,No,NoCredit,Other,24,Young
Good,SomeBalance,NoProblem,NoSavings,OneToFour,Female,One,No,NoCredit,HouseRelated,23,Young
Good,SomeBalance,NoProblem,NoSavings,FourToSevent,MaleMarried,One,No,OtherBanks,HouseRelated,32,MidAgeAdult
Good,SomeBalance,NoProblem,NoSavings,FourToSevent,MaleMarried,OnePlus,No,NoCredit,HouseRelated,31,MidAgeAdult
Good,SomeBalance,NoProblem,Other,AboveSevent,MaleSingle,One,No,NoCredit,HouseRelated,36,MidAgeAdult
Good,SomeBalance,NoProblem,BellowHundred,OneToFour,MaleMarried,OnePlus,No,NoCredit,Other,27,MidAgeAdult
Good,NoBalance,NoProblem,BellowHundred,BellowOneYear,MaleMarried,One,No,NoCredit,NewCar,44,OldAdult
Good,SomeBalance,NoProblem,NoSavings,FourToSevent,MaleMarried,OnePlus,No,OtherBanks,Other,34,MidAgeAdult
Good,SomeBalance,NoProblem,Other,FourToSevent,MaleMarried,One,No,NoCredit,HouseRelated,37,MidAgeAdult
Good,SomeBalance,NoProblem,NoSavings,BellowOneYear,MaleSingle,One,No,NoCredit,HouseRelated,23,Young
Good,SomeBalance,NoProblem,NoSavings,BellowOneYear,MaleSingle,OnePlus,No,NoCredit,Other,30,MidAgeAdult
Good,NoAccount,NoProblem,AboveThousand,BellowOneYear,MaleMarried,OnePlus,No,OtherBanks,Other,25,Young
Good,SomeBalance,NoProblem,NoSavings,OneToFour,MaleSingle,One,No,NoCredit,HouseRelated,33,MidAgeAdult
Good,SomeBalance,NoProblem,NoSavings,FourToSevent,MaleSingle,OnePlus,No,NoCredit,Other,27,MidAgeAdult
Good,SomeBalance,NoProblem,BellowHundred,FourToSevent,MaleMarried,OnePlus,No,NoCredit,Other,31,MidAgeAdult
Good,SomeBalance,NoProblem,AboveThousand,AboveSevent,MaleMarried,One,No,NoCredit,Other,50,OldAdult
Good,SomeBalance,NoProblem,Other,AboveSevent,MaleMarried,One,No,NoCredit,HouseRelated,31,MidAgeAdult
Good,NoBalance,NoProblem,NoSavings,FourToSevent,MaleMarried,OnePlus,No,NoCredit,HouseRelated,32,MidAgeAdult
Good,SomeBalance,NoProblem,BellowHundred,OneToFour,MaleSingle,One,No,OtherBanks,Other,28,MidAgeAdult
Good,SomeBalance,NoProblem,BellowHundred,OneToFour,MaleMarried,One,No,NoCredit,HouseRelated,29,MidAgeAdult
Good,NoBalance,NoProblem,AboveThousand,OneToFour,Female,One,No,NoCredit,HouseRelated,27,MidAgeAdult
Good,NoBalance,NoProblem,AboveThousand,FourToSevent,MaleSingle,One,No,NoCredit,Other,24,Young
Good,SomeBalance,NoProblem,AboveThousand,BellowOneYear,MaleMarried,One,No,NoCredit,Other,54,OldAdult
Good,SomeBalance,NoProblem,NoSavings,OneToFour,MaleMarried,One,No,NoCredit,HouseRelated,25,Young
Good,SomeBalance,NoProblem,NoSavings,FourToSevent,MaleMarried,OnePlus,No,NoCredit,NewCar,35,MidAgeAdult
Good,SomeBalance,NoProblem,NoSavings,FourToSevent,MaleMarried,OnePlus,No,NoCredit,Other,45,OldAdult
Good,SomeBalance,NoProblem,NoSavings,OneToFour,MaleSingle,OnePlus,No,NoCredit,UsedCar,28,MidAgeAdult
Good,SomeBalance,NoProblem,BellowHundred,FourToSevent,MaleMarried,One,No,NoCredit,HouseRelated,35,MidAgeAdult
Good,SomeBalance,SomeProblems,NoSavings,OneToFour,MaleSingle,One,No,OtherBanks,Other,27,MidAgeAdult
Good,SomeBalance,NoProblem,Other,AboveSevent,MaleMarried,One,No,OtherBanks,HouseRelated,30,MidAgeAdult
Good,SomeBalance,SomeProblems,AboveThousand,BellowOneYear,MaleMarried,OnePlus,Yes,OtherBanks,NewCar,40,OldAdult
Good,SomeBalance,SomeProblems,AboveThousand,FourToSevent,MaleMarried,One,No,OtherBanks,HouseRelated,49,OldAdult
Good,NoAccount,NoProblem,AboveThousand,BellowOneYear,MaleSingle,One,No,NoCredit,UsedCar,30,MidAgeAdult
Good,NoAccount,NoProblem,AboveThousand,FourToSevent,MaleMarried,One,Yes,NoCredit,Other,24,Young
Good,NoBalance,NoProblem,NoSavings,AboveSevent,MaleMarried,One,Yes,OtherBanks,Other,33,MidAgeAdult
Good,NoAccount,NoProblem,NoSavings,OneToFour,MaleMarried,One,No,NoCredit,HouseRelated,20,Young
Good,NoBalance,NoProblem,AboveThousand,BellowOneYear,MaleMarried,One,No,NoCredit,HouseRelated,23,Young
Good,NoBalance,SomeProblems,AboveThousand,BellowOneYear,MaleMarried,One,Yes,NoCredit,Other,36,MidAgeAdult
Good,SomeBalance,NoProblem,BellowHundred,AboveSevent,MaleMarried,One,Yes,NoCredit,HouseRelated,35,MidAgeAdult
Good,SomeBalance,NoProblem,AboveThousand,BellowOneYear,MaleMarried,One,No,NoCredit,Other,29,MidAgeAdult
Good,NoAccount,SomeProblems,Other,OneToFour,MaleMarried,One,No,OtherBanks,UsedCar,22,Young
Good,NoAccount,SomeProblems,Other,OneToFour,MaleMarried,One,No,OtherBanks,UsedCar,22,Young
Good,SomeBalance,NoProblem,NoSavings,OneToFour,MaleMarried,OnePlus,No,NoCredit,Other,74,Senior
Good,NoBalance,NoProblem,AboveThousand,BellowOneYear,MaleMarried,One,No,NoCredit,Other,35,MidAgeAdult
Good,SomeBalance,NoProblem,NoSavings,BellowOneYear,MaleMarried,One,Yes,NoCredit,Other,37,MidAgeAdult
Good,SomeBalance,NoProblem,AboveThousand,BellowOneYear,MaleSingle,One,No,NoCredit,NewCar,31,MidAgeAdult
Good,SomeBalance,NoProblem,Other,BellowOneYear,Female,One,No,NoCredit,Other,27,MidAgeAdult
Good,NoAccount,NoProblem,NoSavings,BellowOneYear,MaleSingle,One,No,NoCredit,Other,35,MidAgeAdult
Good,SomeBalance,NoProblem,AboveThousand,AboveSevent,MaleMarried,One,Yes,NoCredit,Other,45,OldAdult
Good,NoAccount,SomeProblems,NoSavings,BellowOneYear,MaleMarried,One,Yes,OtherBanks,HouseRelated,36,MidAgeAdult
Good,SomeBalance,NoProblem,AboveThousand,AboveSevent,MaleMarried,OnePlus,No,OtherBanks,HouseRelated,49,OldAdult
Good,SomeBalance,NoProblem,NoSavings,FourToSevent,MaleMarried,OnePlus,No,NoCredit,NewCar,35,MidAgeAdult
Good,SomeBalance,NoProblem,Other,OneToFour,MaleMarried,OnePlus,No,NoCredit,NewCar,27,MidAgeAdult
Good,NoAccount,NoProblem,Other,OneToFour,MaleMarried,One,No,NoCredit,UsedCar,28,MidAgeAdult
Good,SomeBalance,NoProblem,Other,OneToFour,MaleSingle,OnePlus,No,NoCredit,HouseRelated,43,OldAdult
Good,NoAccount,NoProblem,BellowHundred,OneToFour,MaleMarried,One,No,NoCredit,Other,35,MidAgeAdult
Good,SomeBalance,NoProblem,NoSavings,OneToFour,MaleMarried,OnePlus,No,NoCredit,Other,27,MidAgeAdult
Good,SomeBalance,NoProblem,Other,AboveSevent,MaleSingle,One,No,OtherBanks,Other,36,MidAgeAdult
Good,NoBalance,SomeProblems,BellowHundred,FourToSevent,MaleMarried,One,No,NoCredit,Other,30,MidAgeAdult
Good,SomeBalance,NoProblem,NoSavings,AboveSevent,MaleMarried,One,No,NoCredit,HouseRelated,36,MidAgeAdult
Good,SomeBalance,NoProblem,NoSavings,AboveSevent,Female,One,No,NoCredit,HouseRelated,39,MidAgeAdult
Good,SomeBalance,NoProblem,BellowHundred,AboveSevent,MaleMarried,One,No,NoCredit,NewCar,45,OldAdult
Good,NoAccount,NoProblem,NoSavings,OneToFour,MaleSingle,One,No,NoCredit,NewCar,40,OldAdult
Bad,NoBalance,NoProblem,NoSavings,FourToSevent,Female,One,No,OtherBanks,Other,25,Young
Good,NoAccount,NoProblem,NoSavings,AboveSevent,MaleSingle,One,No,NoCredit,HouseRelated,55,OldAdult
Good,SomeBalance,NoProblem,NoSavings,AboveSevent,MaleMarried,OnePlus,No,NoCredit,UsedCar,50,OldAdult
Good,NoAccount,NoProblem,NoSavings,AboveSevent,MaleMarried,One,No,OtherBanks,HouseRelated,64,Senior
Good,SomeBalance,NoProblem,NoSavings,BellowOneYear,MaleSingle,One,No,NoCredit,UsedCar,23,Young
Good,SomeBalance,NoProblem,Other,OneToFour,MaleMarried,One,No,NoCredit,NewCar,24,Young
Good,SomeBalance,NoProblem,Other,OneToFour,Female,OnePlus,No,NoCredit,HouseRelated,47,OldAdult
Good,SomeBalance,NoProblem,NoSavings,AboveSevent,MaleMarried,One,No,NoCredit,Other,42,OldAdult
Good,SomeBalance,NoProblem,BellowHundred,OneToFour,MaleSingle,One,No,NoCredit,Other,24,Young
Good,SomeBalance,NoProblem,Other,AboveSevent,MaleMarried,OnePlus,No,OtherBanks,HouseRelated,32,MidAgeAdult
Good,SomeBalance,SomeProblems,Other,AboveSevent,MaleMarried,One,No,OtherBanks,HouseRelated,45,OldAdult
Good,SomeBalance,NoProblem,BellowHundred,FourToSevent,MaleSingle,One,No,NoCredit,NewCar,23,Young
Good,SomeBalance,NoProblem,NoSavings,OneToFour,MaleMarried,OnePlus,No,NoCredit,HouseRelated,24,Young
Good,SomeBalance,NoProblem,BellowHundred,OneToFour,MaleMarried,OnePlus,No,NoCredit,UsedCar,35,MidAgeAdult
Good,NoBalance,NoProblem,BellowHundred,OneToFour,MaleSingle,One,No,NoCredit,HouseRelated,25,Young
Good,SomeBalance,NoProblem,AboveThousand,OneToFour,MaleMarried,One,No,NoCredit,NewCar,26,MidAgeAdult
Good,NoBalance,NoProblem,AboveThousand,AboveSevent,MaleMarried,One,No,NoCredit,Other,43,OldAdult
Good,NoBalance,NoProblem,NoSavings,OneToFour,MaleMarried,One,No,NoCredit,HouseRelated,44,OldAdult
Good,SomeBalance,NoProblem,NoSavings,AboveSevent,MaleMarried,One,No,NoCredit,HouseRelated,38,MidAgeAdult
Good,SomeBalance,NoProblem,NoSavings,AboveSevent,MaleMarried,One,No,NoCredit,HouseRelated,28,MidAgeAdult
Good,SomeBalance,NoProblem,Other,AboveSevent,MaleMarried,OnePlus,No,NoCredit,NewCar,38,MidAgeAdult
Good,SomeBalance,NoProblem,NoSavings,FourToSevent,MaleMarried,One,No,NoCredit,Other,26,MidAgeAdult
Good,NoAccount,NoProblem,NoSavings,AboveSevent,MaleSingle,OnePlus,No,NoCredit,UsedCar,27,MidAgeAdult
Good,SomeBalance,NoProblem,NoSavings,BellowOneYear,MaleSingle,OnePlus,No,NoCredit,UsedCar,23,Young
Good,NoAccount,NoProblem,NoSavings,AboveSevent,MaleMarried,One,No,NoCredit,HouseRelated,52,OldAdult
Good,SomeBalance,NoProblem,NoSavings,FourToSevent,MaleMarried,One,No,NoCredit,Other,74,Senior
Good,SomeBalance,NoProblem,NoSavings,BellowOneYear,MaleMarried,OnePlus,No,OtherBanks,UsedCar,27,MidAgeAdult
Good,SomeBalance,NoProblem,NoSavings,BellowOneYear,MaleSingle,OnePlus,No,NoCredit,Other,35,MidAgeAdult
Good,SomeBalance,NoProblem,NoSavings,BellowOneYear,MaleSingle,One,No,NoCredit,UsedCar,23,Young
Good,SomeBalance,NoProblem,NoSavings,AboveSevent,MaleMarried,One,No,NoCredit,UsedCar,20,Young
Good,SomeBalance,NoProblem,NoSavings,BellowOneYear,MaleSingle,One,No,NoCredit,HouseRelated,34,MidAgeAdult
Good,SomeBalance,NoProblem,Other,AboveSevent,MaleMarried,One,No,NoCredit,HouseRelated,40,OldAdult
Good,NoBalance,NoProblem,NoSavings,OneToFour,MaleMarried,One,No,NoCredit,HouseRelated,37,MidAgeAdult
Good,SomeBalance,NoProblem,Other,AboveSevent,MaleMarried,One,No,NoCredit,Other,36,MidAgeAdult
Good,SomeBalance,NoProblem,NoSavings,BellowOneYear,MaleSingle,OnePlus,No,NoCredit,UsedCar,22,Young
Good,SomeBalance,SomeProblems,BellowHundred,AboveSevent,MaleMarried,One,No,OtherBanks,HouseRelated,34,MidAgeAdult
Good,SomeBalance,NoProblem,Other,OneToFour,MaleMarried,One,No,NoCredit,NewCar,50,OldAdult
Good,SomeBalance,NoProblem,Other,FourToSevent,MaleSingle,OnePlus,No,NoCredit,UsedCar,40,OldAdult
Good,SomeBalance,NoProblem,Other,FourToSevent,Female,One,No,NoCredit,HouseRelated,23,Young
Good,SomeBalance,NoProblem,Other,AboveSevent,MaleMarried,One,No,NoCredit,UsedCar,53,OldAdult
Good,SomeBalance,NoProblem,NoSavings,AboveSevent,MaleMarried,One,No,NoCredit,NewCar,35,MidAgeAdult
Good,SomeBalance,SomeProblems,Other,OneToFour,MaleSingle,One,No,NoCredit,Other,35,MidAgeAdult
Good,SomeBalance,NoProblem,NoSavings,AboveSevent,MaleSingle,One,No,OtherBanks,HouseRelated,54,OldAdult
Good,NoBalance,NoProblem,NoSavings,FourToSevent,MaleMarried,OnePlus,No,NoCredit,Other,27,MidAgeAdult
Good,NoAccount,NoProblem,NoSavings,OneToFour,MaleSingle,One,No,NoCredit,HouseRelated,28,MidAgeAdult
Good,SomeBalance,NoProblem,BellowHundred,AboveSevent,MaleSingle,One,No,NoCredit,HouseRelated,49,OldAdult
Good,SomeBalance,NoProblem,NoSavings,BellowOneYear,MaleSingle,One,No,OtherBanks,HouseRelated,29,MidAgeAdult
Good,SomeBalance,NoProblem,NoSavings,OneToFour,MaleSingle,One,No,NoCredit,UsedCar,46,OldAdult
Good,SomeBalance,NoProblem,AboveThousand,BellowOneYear,MaleSingle,One,No,NoCredit,NewCar,20,Young
Good,NoBalance,NoProblem,NoSavings,OneToFour,MaleSingle,OnePlus,No,NoCredit,Other,47,OldAdult
Good,NoAccount,NoProblem,Other,BellowOneYear,MaleSingle,One,No,OtherBanks,HouseRelated,29,MidAgeAdult
Good,SomeBalance,NoProblem,NoSavings,BellowOneYear,MaleSingle,One,No,NoCredit,Other,54,OldAdult
Good,NoAccount,NoProblem,Other,AboveSevent,MaleMarried,OnePlus,No,NoCredit,HouseRelated,52,OldAdult
Good,SomeBalance,NoProblem,NoSavings,OneToFour,MaleMarried,One,No,NoCredit,HouseRelated,32,MidAgeAdult
Good,SomeBalance,NoProblem,Other,AboveSevent,MaleMarried,One,No,NoCredit,Other,51,OldAdult
Good,SomeBalance,NoProblem,NoSavings,OneToFour,Female,OnePlus,No,OtherBanks,HouseRelated,33,MidAgeAdult
Good,SomeBalance,NoProblem,AboveThousand,BellowOneYear,MaleMarried,OnePlus,No,NoCredit,HouseRelated,37,MidAgeAdult
Good,SomeBalance,NoProblem,Other,OneToFour,MaleSingle,One,No,NoCredit,UsedCar,20,Young
Good,SomeBalance,NoProblem,AboveThousand,OneToFour,MaleMarried,OnePlus,No,NoCredit,HouseRelated,34,MidAgeAdult
Good,NoBalance,NoProblem,BellowHundred,AboveSevent,MaleSingle,OnePlus,No,OtherBanks,Other,31,MidAgeAdult
Good,SomeBalance,NoProblem,Other,FourToSevent,MaleSingle,OnePlus,No,NoCredit,UsedCar,30,MidAgeAdult
Good,SomeBalance,NoProblem,NoSavings,OneToFour,MaleSingle,One,No,OtherBanks,NewCar,30,MidAgeAdult
Good,SomeBalance,NoProblem,BellowHundred,BellowOneYear,MaleSingle,One,No,NoCredit,UsedCar,22,Young
Good,SomeBalance,NoProblem,BellowHundred,OneToFour,MaleMarried,OnePlus,No,NoCredit,Other,34,MidAgeAdult
Good,NoBalance,NoProblem,Other,BellowOneYear,MaleSingle,One,No,NoCredit,UsedCar,19,Young
Good,SomeBalance,NoProblem,NoSavings,BellowOneYear,Female,OnePlus,No,NoCredit,HouseRelated,34,MidAgeAdult
Good,NoAccount,SomeProblems,NoSavings,AboveSevent,Female,One,No,OtherBanks,Other,45,OldAdult
Good,SomeBalance,NoProblem,NoSavings,FourToSevent,MaleMarried,One,No,OtherBanks,HouseRelated,25,Young
Good,SomeBalance,NoProblem,NoSavings,BellowOneYear,MaleSingle,One,No,NoCredit,UsedCar,26,MidAgeAdult
Good,SomeBalance,NoProblem,AboveThousand,OneToFour,MaleMarried,OnePlus,No,NoCredit,HouseRelated,33,MidAgeAdult
Bad,SomeBalance,NoProblem,NoSavings,OneToFour,MaleSingle,One,No,NoCredit,HouseRelated,28,MidAgeAdult
Good,SomeBalance,NoProblem,BellowHundred,AboveSevent,Female,One,No,NoCredit,Other,41,OldAdult
Good,NoAccount,NoProblem,NoSavings,OneToFour,MaleMarried,One,No,OtherBanks,UsedCar,36,MidAgeAdult
Good,SomeBalance,SomeProblems,AboveThousand,OneToFour,MaleMarried,One,Yes,OtherBanks,Other,26,MidAgeAdult
Good,NoAccount,NoProblem,NoSavings,BellowOneYear,MaleSingle,One,No,NoCredit,HouseRelated,28,MidAgeAdult
Good,SomeBalance,NoProblem,AboveThousand,OneToFour,MaleMarried,One,No,NoCredit,NewCar,39,MidAgeAdult
Good,SomeBalance,NoProblem,AboveThousand,AboveSevent,MaleMarried,OnePlus,No,NoCredit,HouseRelated,65,Senior
Good,SomeBalance,NoProblem,AboveThousand,AboveSevent,MaleMarried,OnePlus,No,NoCredit,NewCar,38,MidAgeAdult
Good,SomeBalance,NoProblem,Other,OneToFour,MaleSingle,OnePlus,No,OtherBanks,Other,41,OldAdult
Good,NoBalance,NoProblem,NoSavings,BellowOneYear,MaleMarried,One,No,NoCredit,Other,26,MidAgeAdult
Good,NoAccount,NoProblem,NoSavings,BellowOneYear,MaleMarried,One,No,NoCredit,Other,41,OldAdult
Good,SomeBalance,NoProblem,AboveThousand,AboveSevent,MaleMarried,One,No,OtherBanks,NewCar,45,OldAdult
Good,SomeBalance,SomeProblems,NoSavings,FourToSevent,MaleMarried,One,No,OtherBanks,Other,40,OldAdult
Good,SomeBalance,NoProblem,NoSavings,OneToFour,Female,One,No,NoCredit,HouseRelated,24,Young
Good,SomeBalance,NoProblem,NoSavings,OneToFour,MaleMarried,OnePlus,No,NoCredit,HouseRelated,31,MidAgeAdult
Good,SomeBalance,NoProblem,BellowHundred,OneToFour,MaleMarried,One,No,OtherBanks,Other,35,MidAgeAdult
Good,SomeBalance,NoProblem,Other,OneToFour,MaleMarried,One,No,NoCredit,Other,40,OldAdult
Good,SomeBalance,NoProblem,BellowHundred,OneToFour,MaleSingle,One,Yes,NoCredit,HouseRelated,28,MidAgeAdult
Good,SomeBalance,NoProblem,Other,AboveSevent,MaleSingle,One,No,NoCredit,Other,28,MidAgeAdult
Good,NoAccount,NoProblem,AboveThousand,BellowOneYear,MaleSingle,OnePlus,Yes,NoCredit,UsedCar,27,MidAgeAdult
Good,SomeBalance,NoProblem,NoSavings,OneToFour,MaleMarried,One,No,NoCredit,Other,31,MidAgeAdult
Good,SomeBalance,NoProblem,Other,AboveSevent,MaleSingle,OnePlus,No,NoCredit,Other,37,MidAgeAdult
Good,SomeBalance,NoProblem,BellowHundred,OneToFour,MaleMarried,One,No,NoCredit,Other,35,MidAgeAdult
Good,SomeBalance,NoProblem,NoSavings,AboveSevent,MaleMarried,OnePlus,No,NoCredit,Other,46,OldAdult
Good,SomeBalance,NoProblem,AboveThousand,FourToSevent,MaleMarried,One,No,NoCredit,Other,32,MidAgeAdult
Good,SomeBalance,NoProblem,NoSavings,AboveSevent,MaleMarried,OnePlus,No,NoCredit,HouseRelated,33,MidAgeAdult
Good,SomeBalance,NoProblem,AboveThousand,OneToFour,MaleSingle,OnePlus,No,NoCredit,HouseRelated,33,MidAgeAdult
Good,SomeBalance,NoProblem,NoSavings,OneToFour,MaleSingle,OnePlus,No,NoCredit,HouseRelated,26,MidAgeAdult
Good,SomeBalance,NoProblem,NoSavings,FourToSevent,MaleSingle,OnePlus,No,NoCredit,HouseRelated,24,Young
Good,SomeBalance,NoProblem,AboveThousand,FourToSevent,MaleSingle,One,No,NoCredit,Other,25,Young
Good,SomeBalance,NoProblem,AboveThousand,AboveSevent,Female,OnePlus,No,NoCredit,Other,54,OldAdult
Good,NoAccount,NoProblem,NoSavings,BellowOneYear,MaleMarried,One,Yes,NoCredit,UsedCar,24,Young
Good,NoAccount,NoProblem,BellowHundred,AboveSevent,MaleMarried,OnePlus,Yes,NoCredit,HouseRelated,48,OldAdult
Good,NoAccount,NoProblem,NoSavings,FourToSevent,MaleMarried,OnePlus,Yes,NoCredit,Other,49,OldAdult
Good,SomeBalance,NoProblem,BellowHundred,OneToFour,MaleMarried,One,Yes,NoCredit,NewCar,32,MidAgeAdult
Good,SomeBalance,NoProblem,Other,FourToSevent,MaleMarried,One,No,NoCredit,NewCar,55,OldAdult
Good,SomeBalance,NoProblem,AboveThousand,AboveSevent,MaleMarried,OnePlus,No,NoCredit,HouseRelated,40,OldAdult
Good,NoAccount,SomeProblems,NoSavings,OneToFour,MaleSingle,One,Yes,OtherBanks,NewCar,22,Young
Good,SomeBalance,NoProblem,AboveThousand,BellowOneYear,MaleMarried,One,No,NoCredit,NewCar,38,MidAgeAdult
Good,SomeBalance,NoProblem,BellowHundred,OneToFour,MaleMarried,One,Yes,NoCredit,Other,26,MidAgeAdult
Good,SomeBalance,NoProblem,BellowHundred,FourToSevent,MaleSingle,OnePlus,No,NoCredit,Other,51,OldAdult
Good,SomeBalance,NoProblem,NoSavings,OneToFour,MaleMarried,One,No,NoCredit,HouseRelated,38,MidAgeAdult
Good,SomeBalance,NoProblem,Other,AboveSevent,MaleMarried,One,No,NoCredit,HouseRelated,46,OldAdult
Good,SomeBalance,NoProblem,NoSavings,AboveSevent,MaleMarried,OnePlus,No,NoCredit,Other,63,Senior
Good,NoAccount,NoProblem,NoSavings,OneToFour,MaleMarried,OnePlus,No,NoCredit,Other,30,MidAgeAdult
Good,SomeBalance,NoProblem,NoSavings,OneToFour,MaleMarried,OnePlus,No,NoCredit,HouseRelated,32,MidAgeAdult
Good,SomeBalance,NoProblem,AboveThousand,OneToFour,Female,OnePlus,No,NoCredit,UsedCar,26,MidAgeAdult
Good,SomeBalance,NoProblem,Other,FourToSevent,MaleSingle,One,No,NoCredit,Other,34,MidAgeAdult
Good,SomeBalance,NoProblem,AboveThousand,AboveSevent,MaleSingle,OnePlus,No,OtherBanks,Other,46,OldAdult
Bad,NoAccount,NoProblem,NoSavings,OneToFour,MaleSingle,OnePlus,Yes,NoCredit,Other,29,MidAgeAdult
Good,SomeBalance,NoProblem,BellowHundred,AboveSevent,MaleMarried,One,No,OtherBanks,HouseRelated,42,OldAdult
Good,SomeBalance,NoProblem,AboveThousand,AboveSevent,MaleMarried,OnePlus,No,NoCredit,NewCar,42,OldAdult
Good,NoAccount,NoProblem,NoSavings,OneToFour,MaleMarried,One,Yes,OtherBanks,NewCar,63,Senior
Good,SomeBalance,NoProblem,NoSavings,AboveSevent,MaleMarried,OnePlus,No,NoCredit,Other,32,MidAgeAdult
Good,SomeBalance,NoProblem,NoSavings,AboveSevent,MaleSingle,One,No,NoCredit,Other,23,Young
Good,SomeBalance,NoProblem,AboveThousand,AboveSevent,MaleSingle,One,No,NoCredit,Other,59,OldAdult
Good,SomeBalance,NoProblem,NoSavings,AboveSevent,MaleMarried,OnePlus,No,NoCredit,Other,61,Senior
Good,NoAccount,NoProblem,NoSavings,BellowOneYear,MaleSingle,One,No,NoCredit,UsedCar,22,Young
Good,SomeBalance,NoProblem,AboveThousand,OneToFour,Female,OnePlus,No,NoCredit,UsedCar,27,MidAgeAdult
Good,SomeBalance,NoProblem,NoSavings,OneToFour,MaleSingle,One,No,NoCredit,UsedCar,26,MidAgeAdult
Good,SomeBalance,NoProblem,AboveThousand,OneToFour,MaleMarried,One,No,NoCredit,HouseRelated,37,MidAgeAdult
Good,SomeBalance,NoProblem,NoSavings,AboveSevent,MaleMarried,OnePlus,No,NoCredit,UsedCar,34,MidAgeAdult
Good,SomeBalance,NoProblem,Other,OneToFour,MaleSingle,One,No,NoCredit,HouseRelated,57,OldAdult
Good,NoBalance,NoProblem,NoSavings,OneToFour,MaleMarried,One,No,NoCredit,Other,31,MidAgeAdult
Good,NoAccount,NoProblem,NoSavings,OneToFour,MaleSingle,One,No,NoCredit,Other,28,MidAgeAdult
Good,NoAccount,NoProblem,NoSavings,OneToFour,MaleSingle,One,No,NoCredit,UsedCar,24,Young
Good,NoAccount,NoProblem,NoSavings,OneToFour,Female,One,No,OtherBanks,Other,21,Young
Good,SomeBalance,NoProblem,Other,AboveSevent,MaleMarried,One,No,NoCredit,HouseRelated,34,MidAgeAdult
Good,NoBalance,NoProblem,Other,AboveSevent,MaleSingle,One,No,NoCredit,NewCar,29,MidAgeAdult
Good,NoAccount,NoProblem,NoSavings,BellowOneYear,MaleSingle,One,No,NoCredit,HouseRelated,27,MidAgeAdult
Good,SomeBalance,NoProblem,BellowHundred,FourToSevent,MaleMarried,OnePlus,No,NoCredit,UsedCar,34,MidAgeAdult
Good,NoAccount,NoProblem,NoSavings,OneToFour,MaleMarried,One,No,NoCredit,HouseRelated,27,MidAgeAdult
Bad,NoAccount,NoProblem,NoSavings,FourToSevent,MaleMarried,OnePlus,No,NoCredit,HouseRelated,28,MidAgeAdult
Good,NoBalance,NoProblem,NoSavings,AboveSevent,MaleMarried,OnePlus,No,NoCredit,NewCar,30,MidAgeAdult
Good,NoBalance,NoProblem,BellowHundred,OneToFour,MaleMarried,One,Yes,NoCredit,HouseRelated,22,Young
Good,SomeBalance,NoProblem,AboveThousand,FourToSevent,MaleMarried,OnePlus,No,NoCredit,HouseRelated,36,MidAgeAdult
Good,NoAccount,NoProblem,NoSavings,BellowOneYear,MaleSingle,One,No,NoCredit,UsedCar,22,Young
Good,NoAccount,NoProblem,NoSavings,FourToSevent,MaleSingle,One,No,NoCredit,UsedCar,26,MidAgeAdult
Good,SomeBalance,NoProblem,AboveThousand,AboveSevent,MaleMarried,One,No,OtherBanks,Other,63,Senior
Good,NoBalance,NoProblem,NoSavings,OneToFour,Female,One,No,NoCredit,Other,22,Young
Good,SomeBalance,NoProblem,Other,OneToFour,MaleMarried,OnePlus,No,NoCredit,UsedCar,36,MidAgeAdult
Good,NoBalance,NoProblem,NoSavings,OneToFour,MaleMarried,One,No,NoCredit,HouseRelated,24,Young
Bad,NoBalance,NoProblem,NoSavings,OneToFour,MaleSingle,One,No,NoCredit,UsedCar,30,MidAgeAdult
Good,SomeBalance,NoProblem,NoSavings,OneToFour,MaleMarried,One,No,NoCredit,Other,43,OldAdult
Good,SomeBalance,NoProblem,NoSavings,OneToFour,MaleMarried,One,No,NoCredit,HouseRelated,37,MidAgeAdult
Good,NoAccount,NoProblem,AboveThousand,AboveSevent,MaleSingle,One,No,NoCredit,NewCar,26,MidAgeAdult
Good,SomeBalance,NoProblem,NoSavings,FourToSevent,MaleMarried,One,No,NoCredit,NewCar,33,MidAgeAdult
Good,SomeBalance,NoProblem,Other,BellowOneYear,MaleMarried,OnePlus,No,OtherBanks,Other,66,Senior
Good,SomeBalance,NoProblem,NoSavings,OneToFour,MaleSingle,One,No,NoCredit,HouseRelated,50,OldAdult
Good,SomeBalance,NoProblem,NoSavings,OneToFour,MaleMarried,OnePlus,No,NoCredit,HouseRelated,35,MidAgeAdult
Good,SomeBalance,NoProblem,BellowHundred,OneToFour,MaleMarried,One,No,OtherBanks,UsedCar,25,Young
Good,NoBalance,NoProblem,NoSavings,AboveSevent,MaleSingle,One,No,NoCredit,HouseRelated,25,Young
Good,NoBalance,NoProblem,NoSavings,BellowOneYear,MaleMarried,One,No,NoCredit,HouseRelated,33,MidAgeAdult
Good,SomeBalance,NoProblem,NoSavings,OneToFour,MaleMarried,OnePlus,No,OtherBanks,HouseRelated,30,MidAgeAdult
Good,SomeBalance,NoProblem,NoSavings,OneToFour,Female,One,No,NoCredit,NewCar,41,OldAdult
Good,NoBalance,NoProblem,NoSavings,FourToSevent,MaleMarried,One,No,NoCredit,Other,32,MidAgeAdult
Good,NoBalance,NoProblem,NoSavings,BellowOneYear,MaleSingle,One,No,NoCredit,Other,32,MidAgeAdult
Good,NoBalance,NoProblem,BellowHundred,FourToSevent,MaleMarried,One,No,NoCredit,Other,39,MidAgeAdult
Good,NoAccount,NoProblem,Other,BellowOneYear,MaleSingle,One,No,NoCredit,NewCar,23,Young
Good,SomeBalance,NoProblem,NoSavings,BellowOneYear,MaleSingle,One,No,NoCredit,HouseRelated,26,MidAgeAdult
Good,SomeBalance,NoProblem,NoSavings,BellowOneYear,MaleMarried,One,No,NoCredit,HouseRelated,32,MidAgeAdult
Good,NoBalance,NoProblem,AboveThousand,BellowOneYear,MaleMarried,One,No,OtherBanks,Other,40,OldAdult
Good,SomeBalance,NoProblem,NoSavings,OneToFour,MaleMarried,One,No,NoCredit,NewCar,30,MidAgeAdult
Good,NoBalance,NoProblem,NoSavings,OneToFour,Female,One,No,OtherBanks,Other,27,MidAgeAdult
Good,NoBalance,NoProblem,Other,BellowOneYear,Female,One,No,OtherBanks,Other,36,MidAgeAdult
Good,SomeBalance,NoProblem,AboveThousand,FourToSevent,Female,One,No,NoCredit,HouseRelated,29,MidAgeAdult
Good,SomeBalance,NoProblem,BellowHundred,BellowOneYear,MaleSingle,One,No,NoCredit,HouseRelated,64,Senior
Good,SomeBalance,NoProblem,AboveThousand,OneToFour,MaleMarried,OnePlus,No,NoCredit,Other,32,MidAgeAdult
Good,SomeBalance,NoProblem,AboveThousand,AboveSevent,MaleMarried,OnePlus,No,NoCredit,HouseRelated,35,MidAgeAdult
Good,SomeBalance,NoProblem,Other,OneToFour,MaleMarried,OnePlus,No,NoCredit,Other,44,OldAdult
Good,SomeBalance,NoProblem,Other,AboveSevent,MaleMarried,OnePlus,No,NoCredit,HouseRelated,42,OldAdult
Good,SomeBalance,NoProblem,NoSavings,AboveSevent,MaleMarried,OnePlus,No,NoCredit,HouseRelated,29,MidAgeAdult
Good,SomeBalance,NoProblem,BellowHundred,BellowOneYear,MaleSingle,OnePlus,No,NoCredit,HouseRelated,57,OldAdult
Good,SomeBalance,NoProblem,Other,OneToFour,MaleMarried,OnePlus,No,NoCredit,NewCar,27,MidAgeAdult
Good,SomeBalance,NoProblem,AboveThousand,OneToFour,MaleMarried,OnePlus,No,NoCredit,HouseRelated,29,MidAgeAdult
Good,NoAccount,NoProblem,NoSavings,AboveSevent,MaleMarried,OnePlus,No,NoCredit,UsedCar,44,OldAdult
Good,SomeBalance,NoProblem,NoSavings,OneToFour,Female,One,No,NoCredit,HouseRelated,28,MidAgeAdult
Good,NoBalance,NoProblem,Other,OneToFour,MaleSingle,OnePlus,No,NoCredit,Other,40,OldAdult
Good,NoBalance,NoProblem,NoSavings,BellowOneYear,MaleMarried,OnePlus,No,NoCredit,Other,68,Senior
Good,SomeBalance,NoProblem,AboveThousand,AboveSevent,MaleSingle,One,No,NoCredit,Other,52,OldAdult
Good,SomeBalance,NoProblem,NoSavings,AboveSevent,MaleMarried,OnePlus,No,NoCredit,HouseRelated,46,OldAdult
Good,SomeBalance,NoProblem,NoSavings,AboveSevent,MaleMarried,OnePlus,No,NoCredit,HouseRelated,52,OldAdult
Good,NoBalance,NoProblem,BellowHundred,FourToSevent,MaleMarried,One,No,NoCredit,HouseRelated,32,MidAgeAdult
Bad,NoBalance,NoProblem,NoSavings,AboveSevent,MaleSingle,OnePlus,No,NoCredit,HouseRelated,34,MidAgeAdult
Good,NoAccount,NoProblem,AboveThousand,OneToFour,MaleSingle,One,No,OtherBanks,HouseRelated,23,Young
Good,NoBalance,NoProblem,AboveThousand,OneToFour,MaleSingle,One,No,NoCredit,Other,33,MidAgeAdult
Good,SomeBalance,NoProblem,NoSavings,FourToSevent,MaleSingle,One,No,NoCredit,HouseRelated,26,MidAgeAdult
Bad,SomeBalance,NoProblem,Other,AboveSevent,MaleMarried,OnePlus,No,NoCredit,HouseRelated,55,OldAdult
Good,NoBalance,NoProblem,Other,OneToFour,MaleMarried,One,No,OtherBanks,Other,27,MidAgeAdult
Good,NoBalance,NoProblem,AboveThousand,OneToFour,Female,OnePlus,No,OtherBanks,Other,28,MidAgeAdult
Good,SomeBalance,NoProblem,AboveThousand,AboveSevent,MaleMarried,One,No,NoCredit,Other,57,OldAdult
Good,SomeBalance,NoProblem,AboveThousand,AboveSevent,MaleMarried,One,No,NoCredit,HouseRelated,36,MidAgeAdult
Good,SomeBalance,NoProblem,BellowHundred,OneToFour,MaleSingle,One,No,NoCredit,HouseRelated,31,MidAgeAdult
Good,SomeBalance,NoProblem,NoSavings,OneToFour,MaleSingle,One,No,NoCredit,HouseRelated,24,Young
Good,NoAccount,NoProblem,NoSavings,AboveSevent,MaleMarried,OnePlus,No,OtherBanks,Other,43,OldAdult
Good,NoBalance,NoProblem,NoSavings,BellowOneYear,Female,OnePlus,No,NoCredit,Other,40,OldAdult
Good,SomeBalance,NoProblem,NoSavings,BellowOneYear,MaleSingle,One,No,NoCredit,UsedCar,23,Young
Good,SomeBalance,NoProblem,NoSavings,FourToSevent,MaleMarried,OnePlus,No,NoCredit,Other,26,MidAgeAdult
Good,NoAccount,NoProblem,AboveThousand,FourToSevent,MaleMarried,OnePlus,No,NoCredit,UsedCar,30,MidAgeAdult
Good,SomeBalance,NoProblem,AboveThousand,OneToFour,Female,One,No,NoCredit,HouseRelated,40,OldAdult
Good,SomeBalance,NoProblem,NoSavings,AboveSevent,MaleMarried,One,No,NoCredit,HouseRelated,56,OldAdult
Good,SomeBalance,NoProblem,NoSavings,OneToFour,MaleMarried,One,No,NoCredit,UsedCar,50,OldAdult
Good,SomeBalance,NoProblem,AboveThousand,AboveSevent,MaleMarried,OnePlus,No,NoCredit,HouseRelated,36,MidAgeAdult
Good,SomeBalance,NoProblem,AboveThousand,OneToFour,MaleSingle,One,No,NoCredit,HouseRelated,21,Young
Good,SomeBalance,NoProblem,NoSavings,OneToFour,MaleMarried,One,No,NoCredit,NewCar,32,MidAgeAdult
Good,NoBalance,NoProblem,Other,OneToFour,MaleSingle,One,No,NoCredit,HouseRelated,66,Senior
Bad,NoBalance,NoProblem,Other,OneToFour,MaleMarried,One,No,NoCredit,HouseRelated,66,Senior
Good,NoAccount,NoProblem,AboveThousand,FourToSevent,MaleMarried,One,No,NoCredit,UsedCar,39,MidAgeAdult
Good,NoBalance,NoProblem,NoSavings,BellowOneYear,MaleMarried,One,No,OtherBanks,Other,70,Senior
Good,NoBalance,NoProblem,NoSavings,BellowOneYear,MaleSingle,OnePlus,No,NoCredit,HouseRelated,24,Young
Good,NoAccount,NoProblem,NoSavings,BellowOneYear,MaleMarried,One,No,NoCredit,Other,22,Young
Good,NoBalance,NoProblem,AboveThousand,OneToFour,MaleMarried,One,No,NoCredit,HouseRelated,27,MidAgeAdult
Good,NoBalance,NoProblem,NoSavings,OneToFour,MaleMarried,OnePlus,No,OtherBanks,Other,29,MidAgeAdult
Good,NoBalance,NoProblem,Other,OneToFour,MaleMarried,One,No,NoCredit,Other,35,MidAgeAdult
Good,NoBalance,NoProblem,AboveThousand,BellowOneYear,MaleMarried,One,No,OtherBanks,UsedCar,29,MidAgeAdult
Good,SomeBalance,NoProblem,AboveThousand,BellowOneYear,Female,One,No,NoCredit,NewCar,26,MidAgeAdult
Good,NoBalance,NoProblem,AboveThousand,BellowOneYear,MaleSingle,One,No,NoCredit,NewCar,60,Senior
Good,NoBalance,NoProblem,NoSavings,BellowOneYear,MaleMarried,OnePlus,No,OtherBanks,UsedCar,40,OldAdult
Good,SomeBalance,NoProblem,BellowHundred,BellowOneYear,MaleSingle,One,No,NoCredit,NewCar,23,Young
Bad,NoAccount,NoProblem,NoSavings,OneToFour,MaleMarried,One,No,NoCredit,Other,45,OldAdult
Good,NoBalance,NoProblem,AboveThousand,BellowOneYear,MaleSingle,One,No,NoCredit,Other,24,Young
Good,SomeBalance,NoProblem,AboveThousand,AboveSevent,MaleSingle,One,No,NoCredit,UsedCar,55,OldAdult
Good,NoBalance,NoProblem,AboveThousand,OneToFour,MaleMarried,One,No,NoCredit,NewCar,30,MidAgeAdult
Good,SomeBalance,NoProblem,Other,AboveSevent,MaleSingle,One,No,NoCredit,Other,35,MidAgeAdult
Good,NoBalance,NoProblem,NoSavings,FourToSevent,MaleMarried,One,No,NoCredit,HouseRelated,24,Young
Good,SomeBalance,NoProblem,NoSavings,AboveSevent,MaleMarried,OnePlus,No,OtherBanks,HouseRelated,47,OldAdult
Good,SomeBalance,NoProblem,NoSavings,OneToFour,MaleMarried,OnePlus,No,OtherBanks,UsedCar,47,OldAdult
Good,SomeBalance,NoProblem,AboveThousand,AboveSevent,MaleMarried,OnePlus,No,NoCredit,HouseRelated,25,Young
Good,SomeBalance,NoProblem,AboveThousand,AboveSevent,MaleMarried,OnePlus,No,NoCredit,Other,37,MidAgeAdult
Good,SomeBalance,NoProblem,AboveThousand,FourToSevent,MaleSingle,One,No,OtherBanks,UsedCar,33,MidAgeAdult
Good,SomeBalance,NoProblem,NoSavings,AboveSevent,MaleMarried,One,No,NoCredit,HouseRelated,31,MidAgeAdult
Good,SomeBalance,NoProblem,NoSavings,BellowOneYear,Female,OnePlus,No,NoCredit,Other,27,MidAgeAdult
Good,SomeBalance,NoProblem,NoSavings,AboveSevent,MaleMarried,OnePlus,No,OtherBanks,UsedCar,47,OldAdult
Good,SomeBalance,NoProblem,AboveThousand,BellowOneYear,MaleMarried,OnePlus,No,NoCredit,HouseRelated,25,Young
Good,SomeBalance,NoProblem,NoSavings,AboveSevent,MaleSingle,OnePlus,No,OtherBanks,HouseRelated,57,OldAdult
Good,NoBalance,NoProblem,NoSavings,BellowOneYear,MaleSingle,One,No,NoCredit,HouseRelated,67,Senior
Good,SomeBalance,NoProblem,AboveThousand,AboveSevent,MaleMarried,OnePlus,No,NoCredit,HouseRelated,48,OldAdult
Good,NoBalance,NoProblem,NoSavings,FourToSevent,MaleSingle,One,No,NoCredit,UsedCar,40,OldAdult
Good,SomeBalance,NoProblem,NoSavings,OneToFour,MaleMarried,One,No,NoCredit,Other,32,MidAgeAdult
Good,SomeBalance,NoProblem,AboveThousand,AboveSevent,MaleMarried,One,No,NoCredit,UsedCar,49,OldAdult
Good,SomeBalance,NoProblem,Other,FourToSevent,MaleSingle,One,No,NoCredit,UsedCar,35,MidAgeAdult
Good,SomeBalance,NoProblem,NoSavings,OneToFour,MaleSingle,OnePlus,No,NoCredit,Other,27,MidAgeAdult
Good,SomeBalance,NoProblem,NoSavings,BellowOneYear,MaleSingle,OnePlus,No,NoCredit,UsedCar,35,MidAgeAdult
Good,NoBalance,NoProblem,NoSavings,AboveSevent,MaleSingle,One,No,NoCredit,UsedCar,37,MidAgeAdult
Good,SomeBalance,NoProblem,NoSavings,OneToFour,Female,One,No,NoCredit,Other,26,MidAgeAdult
Good,SomeBalance,NoProblem,AboveThousand,BellowOneYear,MaleMarried,One,No,NoCredit,Other,45,OldAdult
Good,SomeBalance,NoProblem,NoSavings,BellowOneYear,MaleMarried,One,No,NoCredit,HouseRelated,33,MidAgeAdult
Good,SomeBalance,NoProblem,NoSavings,AboveSevent,MaleMarried,One,No,OtherBanks,UsedCar,42,OldAdult
Good,NoAccount,NoProblem,NoSavings,FourToSevent,MaleMarried,One,No,OtherBanks,Other,31,MidAgeAdult
Good,SomeBalance,NoProblem,NoSavings,AboveSevent,Female,OnePlus,Yes,NoCredit,HouseRelated,46,OldAdult
Good,NoAccount,NoProblem,NoSavings,AboveSevent,MaleMarried,One,No,NoCredit,NewCar,54,OldAdult
Good,SomeBalance,NoProblem,BellowHundred,FourToSevent,Female,One,No,NoCredit,HouseRelated,26,MidAgeAdult
Good,SomeBalance,NoProblem,NoSavings,FourToSevent,Female,One,No,NoCredit,HouseRelated,29,MidAgeAdult
Good,SomeBalance,NoProblem,AboveThousand,FourToSevent,MaleMarried,OnePlus,No,NoCredit,NewCar,43,OldAdult
Good,SomeBalance,NoProblem,NoSavings,BellowOneYear,MaleSingle,One,No,NoCredit,Other,38,MidAgeAdult
Good,NoAccount,NoProblem,Other,AboveSevent,Female,One,No,NoCredit,HouseRelated,35,MidAgeAdult
Good,SomeBalance,NoProblem,NoSavings,BellowOneYear,Female,One,No,NoCredit,Other,28,MidAgeAdult
Good,SomeBalance,NoProblem,BellowHundred,FourToSevent,Female,OnePlus,No,NoCredit,Other,27,MidAgeAdult
Good,SomeBalance,NoProblem,NoSavings,FourToSevent,MaleMarried,One,No,NoCredit,HouseRelated,51,OldAdult
Good,SomeBalance,NoProblem,NoSavings,OneToFour,MaleSingle,OnePlus,No,NoCredit,HouseRelated,33,MidAgeAdult
Good,SomeBalance,NoProblem,NoSavings,FourToSevent,MaleMarried,One,No,NoCredit,NewCar,38,MidAgeAdult
Good,SomeBalance,NoProblem,NoSavings,AboveSevent,Female,OnePlus,No,NoCredit,HouseRelated,30,MidAgeAdult
Good,SomeBalance,NoProblem,AboveThousand,AboveSevent,MaleSingle,OnePlus,No,NoCredit,HouseRelated,38,MidAgeAdult
Good,SomeBalance,NoProblem,AboveThousand,OneToFour,MaleMarried,OnePlus,No,NoCredit,NewCar,46,OldAdult
Good,SomeBalance,NoProblem,NoSavings,AboveSevent,MaleMarried,One,No,NoCredit,UsedCar,33,MidAgeAdult
Good,NoAccount,NoProblem,BellowHundred,AboveSevent,MaleMarried,One,No,NoCredit,Other,43,OldAdult
Good,SomeBalance,NoProblem,Other,OneToFour,Female,One,No,NoCredit,Other,24,Young
Good,SomeBalance,NoProblem,NoSavings,BellowOneYear,MaleSingle,One,No,NoCredit,HouseRelated,56,OldAdult
Good,NoBalance,NoProblem,BellowHundred,BellowOneYear,MaleSingle,One,No,NoCredit,Other,37,MidAgeAdult
Good,NoBalance,NoProblem,NoSavings,BellowOneYear,Female,One,No,NoCredit,UsedCar,22,Young
Good,SomeBalance,NoProblem,Other,FourToSevent,MaleSingle,One,No,NoCredit,Other,20,Young
Good,NoBalance,NoProblem,BellowHundred,BellowOneYear,MaleMarried,One,No,NoCredit,HouseRelated,29,MidAgeAdult
Good,NoBalance,NoProblem,BellowHundred,FourToSevent,MaleMarried,One,No,NoCredit,Other,36,MidAgeAdult
Bad,SomeBalance,NoProblem,NoSavings,OneToFour,MaleMarried,One,No,OtherBanks,HouseRelated,37,MidAgeAdult
Bad,SomeBalance,NoProblem,AboveThousand,BellowOneYear,MaleSingle,OnePlus,No,NoCredit,HouseRelated,44,OldAdult
Bad,SomeBalance,NoProblem,NoSavings,BellowOneYear,MaleSingle,OnePlus,No,NoCredit,UsedCar,23,Young
Bad,SomeBalance,NoProblem,NoSavings,OneToFour,MaleSingle,One,No,NoCredit,UsedCar,28,MidAgeAdult
Bad,SomeBalance,NoProblem,NoSavings,BellowOneYear,MaleSingle,OnePlus,No,NoCredit,UsedCar,26,MidAgeAdult
Good,SomeBalance,NoProblem,NoSavings,OneToFour,MaleSingle,One,No,NoCredit,HouseRelated,29,MidAgeAdult
Good,SomeBalance,NoProblem,AboveThousand,BellowOneYear,MaleSingle,One,No,NoCredit,HouseRelated,21,Young
Good,NoBalance,NoProblem,NoSavings,BellowOneYear,MaleMarried,OnePlus,No,NoCredit,NewCar,34,MidAgeAdult
Good,SomeBalance,NoProblem,NoSavings,OneToFour,MaleSingle,OnePlus,No,OtherBanks,HouseRelated,31,MidAgeAdult
Good,NoAccount,NoProblem,NoSavings,OneToFour,Female,One,No,NoCredit,HouseRelated,40,OldAdult
Good,NoBalance,NoProblem,NoSavings,FourToSevent,MaleSingle,One,No,NoCredit,HouseRelated,27,MidAgeAdult
Good,SomeBalance,NoProblem,NoSavings,OneToFour,MaleMarried,One,No,NoCredit,HouseRelated,32,MidAgeAdult
Good,SomeBalance,NoProblem,NoSavings,OneToFour,MaleSingle,OnePlus,No,NoCredit,HouseRelated,25,Young
Good,SomeBalance,NoProblem,NoSavings,FourToSevent,MaleMarried,OnePlus,No,NoCredit,HouseRelated,42,OldAdult
Good,SomeBalance,NoProblem,AboveThousand,FourToSevent,MaleMarried,OnePlus,No,NoCredit,NewCar,43,OldAdult
Good,SomeBalance,NoProblem,NoSavings,OneToFour,MaleSingle,One,No,NoCredit,HouseRelated,44,OldAdult
Good,NoAccount,NoProblem,NoSavings,FourToSevent,Female,OnePlus,No,NoCredit,HouseRelated,32,MidAgeAdult
Good,NoAccount,NoProblem,NoSavings,BellowOneYear,MaleSingle,One,No,OtherBanks,HouseRelated,27,MidAgeAdult
Good,NoBalance,NoProblem,NoSavings,AboveSevent,MaleSingle,One,No,NoCredit,HouseRelated,20,Young
Good,SomeBalance,NoProblem,NoSavings,FourToSevent,MaleSingle,One,No,NoCredit,Other,37,MidAgeAdult
Good,SomeBalance,NoProblem,NoSavings,FourToSevent,MaleMarried,OnePlus,No,NoCredit,Other,42,OldAdult
Good,SomeBalance,NoProblem,AboveThousand,AboveSevent,MaleMarried,OnePlus,No,NoCredit,HouseRelated,46,OldAdult
Good,NoBalance,NoProblem,NoSavings,OneToFour,MaleSingle,OnePlus,No,OtherBanks,UsedCar,33,MidAgeAdult
Bad,NoBalance,NoProblem,NoSavings,BellowOneYear,MaleSingle,One,No,NoCredit,HouseRelated,22,Young
Good,NoBalance,NoProblem,AboveThousand,FourToSevent,MaleMarried,OnePlus,No,NoCredit,HouseRelated,41,OldAdult
Bad,NoBalance,NoProblem,NoSavings,OneToFour,MaleMarried,One,No,NoCredit,UsedCar,37,MidAgeAdult
Good,NoBalance,NoProblem,NoSavings,BellowOneYear,MaleSingle,OnePlus,No,NoCredit,UsedCar,27,MidAgeAdult
Good,SomeBalance,NoProblem,NoSavings,FourToSevent,MaleMarried,OnePlus,No,NoCredit,HouseRelated,42,OldAdult
Good,NoBalance,NoProblem,NoSavings,BellowOneYear,Female,One,No,NoCredit,Other,26,MidAgeAdult
Good,NoBalance,NoProblem,AboveThousand,OneToFour,MaleSingle,One,No,NoCredit,HouseRelated,26,MidAgeAdult
Good,SomeBalance,NoProblem,AboveThousand,FourToSevent,MaleMarried,OnePlus,No,NoCredit,HouseRelated,27,MidAgeAdult
Good,NoBalance,NoProblem,Other,OneToFour,Female,One,No,NoCredit,Other,22,Young
Good,SomeBalance,NoProblem,Other,FourToSevent,MaleSingle,One,No,NoCredit,UsedCar,37,MidAgeAdult
Good,NoBalance,NoProblem,NoSavings,FourToSevent,MaleMarried,One,No,NoCredit,Other,30,MidAgeAdult
Good,SomeBalance,NoProblem,NoSavings,FourToSevent,MaleMarried,One,No,NoCredit,HouseRelated,49,OldAdult
Good,SomeBalance,NoProblem,NoSavings,OneToFour,Female,OnePlus,No,NoCredit,Other,27,MidAgeAdult
Good,SomeBalance,NoProblem,AboveThousand,FourToSevent,MaleSingle,One,No,NoCredit,Other,40,OldAdult
Good,NoBalance,NoProblem,Other,BellowOneYear,MaleSingle,One,No,NoCredit,UsedCar,20,Young
Good,SomeBalance,NoProblem,NoSavings,OneToFour,MaleSingle,OnePlus,No,NoCredit,Other,26,MidAgeAdult
Good,NoBalance,NoProblem,Other,BellowOneYear,MaleSingle,OnePlus,No,NoCredit,Other,30,MidAgeAdult
Good,SomeBalance,NoProblem,NoSavings,BellowOneYear,MaleSingle,One,No,OtherBanks,UsedCar,33,MidAgeAdult
Good,SomeBalance,NoProblem,AboveThousand,BellowOneYear,MaleSingle,One,No,NoCredit,NewCar,26,MidAgeAdult
Good,NoBalance,NoProblem,Other,AboveSevent,Female,One,No,NoCredit,Other,35,MidAgeAdult
Good,SomeBalance,NoProblem,AboveThousand,BellowOneYear,MaleSingle,OnePlus,No,NoCredit,Other,44,OldAdult
Good,SomeBalance,NoProblem,NoSavings,FourToSevent,MaleMarried,OnePlus,No,NoCredit,NewCar,27,MidAgeAdult
Bad,NoBalance,NoProblem,BellowHundred,BellowOneYear,MaleSingle,One,No,NoCredit,Other,24,Young
Good,SomeBalance,NoProblem,BellowHundred,AboveSevent,MaleSingle,One,No,NoCredit,HouseRelated,47,OldAdult
Good,SomeBalance,NoProblem,BellowHundred,OneToFour,MaleMarried,OnePlus,No,NoCredit,Other,26,MidAgeAdult
Good,NoBalance,NoProblem,BellowHundred,FourToSevent,MaleSingle,OnePlus,No,NoCredit,HouseRelated,23,Young
Good,NoBalance,NoProblem,BellowHundred,FourToSevent,MaleMarried,OnePlus,No,NoCredit,Other,31,MidAgeAdult
Good,SomeBalance,NoProblem,BellowHundred,OneToFour,MaleSingle,OnePlus,No,NoCredit,Other,52,OldAdult
Good,SomeBalance,NoProblem,NoSavings,AboveSevent,MaleMarried,OnePlus,No,NoCredit,UsedCar,43,OldAdult
Good,SomeBalance,NoProblem,AboveThousand,FourToSevent,MaleMarried,One,No,OtherBanks,HouseRelated,37,MidAgeAdult
Good,SomeBalance,NoProblem,NoSavings,BellowOneYear,MaleMarried,One,No,NoCredit,Other,26,MidAgeAdult
Good,SomeBalance,NoProblem,AboveThousand,OneToFour,MaleMarried,One,No,NoCredit,HouseRelated,35,MidAgeAdult
Good,NoBalance,NoProblem,NoSavings,BellowOneYear,MaleMarried,OnePlus,No,NoCredit,NewCar,30,MidAgeAdult
Good,NoBalance,SomeProblems,Other,OneToFour,MaleMarried,One,No,OtherBanks,UsedCar,34,MidAgeAdult
Good,NoBalance,NoProblem,NoSavings,OneToFour,MaleMarried,One,No,NoCredit,NewCar,35,MidAgeAdult
Good,NoBalance,NoProblem,AboveThousand,OneToFour,MaleMarried,One,No,OtherBanks,Other,48,OldAdult
Bad,NoAccount,NoProblem,NoSavings,AboveSevent,MaleMarried,One,No,NoCredit,UsedCar,42,OldAdult
Bad,NoAccount,NoProblem,NoSavings,OneToFour,MaleMarried,One,No,NoCredit,HouseRelated,40,OldAdult
Bad,NoAccount,NoProblem,Other,OneToFour,MaleSingle,OnePlus,No,NoCredit,UsedCar,23,Young
Bad,NoAccount,NoProblem,AboveThousand,FourToSevent,MaleSingle,One,No,NoCredit,HouseRelated,30,MidAgeAdult
Bad,NoAccount,SomeProblems,NoSavings,FourToSevent,MaleMarried,One,Yes,OtherBanks,HouseRelated,24,Young
Bad,NoAccount,NoProblem,BellowHundred,BellowOneYear,MaleSingle,One,No,NoCredit,UsedCar,33,MidAgeAdult
Bad,SomeBalance,NoProblem,BellowHundred,AboveSevent,MaleMarried,OnePlus,No,NoCredit,HouseRelated,31,MidAgeAdult
Bad,NoAccount,NoProblem,BellowHundred,BellowOneYear,MaleSingle,One,No,NoCredit,HouseRelated,22,Young
Bad,NoAccount,NoProblem,NoSavings,AboveSevent,MaleMarried,One,No,NoCredit,UsedCar,53,OldAdult
Good,NoAccount,NoProblem,NoSavings,FourToSevent,MaleMarried,One,No,NoCredit,NewCar,34,MidAgeAdult
Good,NoAccount,NoProblem,NoSavings,AboveSevent,MaleMarried,OnePlus,No,NoCredit,Other,36,MidAgeAdult
Good,NoAccount,NoProblem,NoSavings,OneToFour,MaleMarried,One,Yes,NoCredit,UsedCar,37,MidAgeAdult
Good,NoAccount,NoProblem,NoSavings,FourToSevent,MaleSingle,One,Yes,NoCredit,HouseRelated,25,Young
Good,NoBalance,NoProblem,NoSavings,BellowOneYear,MaleSingle,One,No,NoCredit,UsedCar,34,MidAgeAdult
Good,NoAccount,NoProblem,NoSavings,OneToFour,MaleMarried,One,No,NoCredit,UsedCar,27,MidAgeAdult
Good,NoAccount,NoProblem,NoSavings,AboveSevent,MaleMarried,OnePlus,No,OtherBanks,Other,51,OldAdult
Bad,NoAccount,NoProblem,NoSavings,BellowOneYear,MaleSingle,OnePlus,Yes,NoCredit,UsedCar,23,Young
Bad,NoAccount,SomeProblems,NoSavings,BellowOneYear,MaleSingle,OnePlus,Yes,NoCredit,Other,29,MidAgeAdult
Good,NoAccount,NoProblem,NoSavings,OneToFour,MaleSingle,OnePlus,Yes,NoCredit,UsedCar,32,MidAgeAdult
Good,NoAccount,NoProblem,NoSavings,OneToFour,MaleMarried,OnePlus,Yes,NoCredit,UsedCar,28,MidAgeAdult
Good,NoAccount,NoProblem,NoSavings,OneToFour,MaleMarried,One,Yes,NoCredit,UsedCar,38,MidAgeAdult
Good,NoAccount,NoProblem,NoSavings,AboveSevent,MaleMarried,OnePlus,No,NoCredit,Other,65,Senior
Good,NoAccount,NoProblem,NoSavings,AboveSevent,MaleMarried,One,Yes,NoCredit,HouseRelated,39,MidAgeAdult
Bad,NoAccount,NoProblem,NoSavings,FourToSevent,MaleMarried,One,No,NoCredit,UsedCar,29,MidAgeAdult
Bad,NoAccount,NoProblem,NoSavings,OneToFour,MaleMarried,One,No,NoCredit,NewCar,26,MidAgeAdult
Good,SomeBalance,NoProblem,NoSavings,FourToSevent,MaleMarried,OnePlus,No,NoCredit,UsedCar,30,MidAgeAdult
Good,NoAccount,NoProblem,AboveThousand,BellowOneYear,MaleSingle,One,No,NoCredit,Other,75,Senior
Good,NoAccount,NoProblem,NoSavings,OneToFour,MaleMarried,One,Yes,NoCredit,UsedCar,21,Young
Bad,NoAccount,NoProblem,NoSavings,AboveSevent,MaleMarried,One,No,OtherBanks,UsedCar,41,OldAdult
Good,NoAccount,NoProblem,NoSavings,OneToFour,MaleSingle,OnePlus,No,NoCredit,UsedCar,25,Young
Good,NoBalance,NoProblem,NoSavings,BellowOneYear,MaleMarried,OnePlus,No,OtherBanks,UsedCar,35,MidAgeAdult
Good,NoAccount,NoProblem,NoSavings,FourToSevent,MaleSingle,OnePlus,No,NoCredit,Other,37,MidAgeAdult
Good,NoAccount,NoProblem,NoSavings,FourToSevent,MaleMarried,One,No,NoCredit,NewCar,26,MidAgeAdult
Good,NoBalance,NoProblem,BellowHundred,AboveSevent,MaleMarried,One,No,NoCredit,UsedCar,30,MidAgeAdult
Bad,NoBalance,NoProblem,BellowHundred,BellowOneYear,MaleSingle,One,No,OtherBanks,Other,23,Young
Good,NoAccount,NoProblem,NoSavings,OneToFour,MaleSingle,One,No,NoCredit,UsedCar,42,OldAdult
Good,NoAccount,NoProblem,NoSavings,OneToFour,MaleSingle,One,Yes,NoCredit,UsedCar,30,MidAgeAdult
Good,NoAccount,NoProblem,NoSavings,BellowOneYear,MaleSingle,One,Yes,NoCredit,UsedCar,46,OldAdult
Good,NoAccount,NoProblem,NoSavings,BellowOneYear,MaleMarried,One,No,NoCredit,NewCar,29,MidAgeAdult
Good,NoAccount,NoProblem,NoSavings,OneToFour,MaleSingle,One,Yes,NoCredit,Other,29,MidAgeAdult
Good,NoAccount,NoProblem,NoSavings,AboveSevent,MaleMarried,OnePlus,No,NoCredit,NewCar,38,MidAgeAdult
Good,NoAccount,NoProblem,BellowHundred,FourToSevent,MaleMarried,One,No,NoCredit,Other,30,MidAgeAdult
Bad,NoAccount,NoProblem,NoSavings,BellowOneYear,MaleSingle,One,No,NoCredit,UsedCar,31,MidAgeAdult
Good,NoBalance,NoProblem,NoSavings,FourToSevent,MaleMarried,OnePlus,No,NoCredit,Other,47,OldAdult
Good,SomeBalance,NoProblem,AboveThousand,OneToFour,MaleSingle,One,No,NoCredit,NewCar,48,OldAdult
Good,SomeBalance,NoProblem,NoSavings,BellowOneYear,MaleMarried,OnePlus,Yes,OtherBanks,Other,27,MidAgeAdult
Good,NoAccount,NoProblem,NoSavings,AboveSevent,MaleMarried,OnePlus,No,NoCredit,NewCar,66,Senior
Good,NoAccount,NoProblem,NoSavings,OneToFour,MaleMarried,One,Yes,NoCredit,UsedCar,29,MidAgeAdult
Good,NoAccount,NoProblem,NoSavings,BellowOneYear,MaleMarried,OnePlus,No,NoCredit,NewCar,75,Senior
Good,NoAccount,NoProblem,NoSavings,BellowOneYear,MaleMarried,OnePlus,No,NoCredit,UsedCar,36,MidAgeAdult
Good,SomeBalance,NoProblem,AboveThousand,BellowOneYear,MaleMarried,One,No,NoCredit,Other,38,MidAgeAdult
Good,SomeBalance,NoProblem,Other,AboveSevent,MaleMarried,OnePlus,No,NoCredit,HouseRelated,46,OldAdult
Good,SomeBalance,NoProblem,AboveThousand,BellowOneYear,MaleMarried,One,No,NoCredit,Other,36,MidAgeAdult
Good,NoAccount,NoProblem,NoSavings,BellowOneYear,MaleSingle,One,No,NoCredit,UsedCar,55,OldAdult
Good,NoAccount,NoProblem,NoSavings,OneToFour,MaleSingle,OnePlus,No,NoCredit,UsedCar,25,Young
Good,NoAccount,NoProblem,NoSavings,FourToSevent,MaleMarried,One,Yes,NoCredit,UsedCar,45,OldAdult
Good,NoAccount,NoProblem,NoSavings,OneToFour,MaleMarried,One,No,NoCredit,UsedCar,28,MidAgeAdult
Good,NoAccount,NoProblem,NoSavings,BellowOneYear,MaleMarried,One,No,NoCredit,UsedCar,30,MidAgeAdult
Good,NoAccount,NoProblem,NoSavings,FourToSevent,MaleMarried,One,No,OtherBanks,Other,39,MidAgeAdult
Good,NoAccount,NoProblem,NoSavings,BellowOneYear,MaleMarried,One,No,OtherBanks,UsedCar,22,Young
Bad,NoAccount,NoProblem,NoSavings,AboveSevent,MaleMarried,OnePlus,No,NoCredit,UsedCar,60,Senior
Good,NoAccount,NoProblem,NoSavings,BellowOneYear,MaleMarried,OnePlus,No,OtherBanks,Other,28,MidAgeAdult
Good,NoAccount,NoProblem,NoSavings,AboveSevent,MaleSingle,OnePlus,No,NoCredit,UsedCar,24,Young
Good,NoAccount,NoProblem,NoSavings,AboveSevent,MaleMarried,OnePlus,No,NoCredit,NewCar,63,Senior
Good,NoAccount,NoProblem,NoSavings,OneToFour,Female,OnePlus,No,NoCredit,UsedCar,46,OldAdult
Good,SomeBalance,NoProblem,NoSavings,BellowOneYear,MaleSingle,OnePlus,No,NoCredit,Other,33,MidAgeAdult
Good,NoAccount,NoProblem,NoSavings,AboveSevent,MaleSingle,OnePlus,No,NoCredit,NewCar,44,OldAdult
Bad,NoAccount,NoProblem,NoSavings,AboveSevent,MaleSingle,OnePlus,No,OtherBanks,NewCar,58,OldAdult
Good,SomeBalance,NoProblem,NoSavings,AboveSevent,MaleMarried,OnePlus,No,NoCredit,HouseRelated,54,OldAdult
Good,NoAccount,NoProblem,NoSavings,BellowOneYear,MaleSingle,One,Yes,NoCredit,Other,43,OldAdult
Good,SomeBalance,NoProblem,BellowHundred,AboveSevent,MaleMarried,OnePlus,No,OtherBanks,HouseRelated,52,OldAdult
Good,SomeBalance,NoProblem,AboveThousand,AboveSevent,MaleMarried,OnePlus,No,OtherBanks,HouseRelated,32,MidAgeAdult
Good,NoBalance,NoProblem,BellowHundred,AboveSevent,MaleMarried,OnePlus,No,OtherBanks,Other,41,OldAdult
Good,NoBalance,NoProblem,BellowHundred,OneToFour,MaleMarried,One,No,NoCredit,Other,34,MidAgeAdult
Good,NoBalance,NoProblem,AboveThousand,OneToFour,MaleSingle,One,No,NoCredit,UsedCar,48,OldAdult
Good,NoBalance,NoProblem,AboveThousand,AboveSevent,MaleMarried,One,No,NoCredit,HouseRelated,38,MidAgeAdult
Good,NoBalance,NoProblem,AboveThousand,AboveSevent,MaleMarried,OnePlus,No,NoCredit,Other,38,MidAgeAdult
Good,SomeBalance,NoProblem,AboveThousand,AboveSevent,MaleMarried,OnePlus,No,NoCredit,HouseRelated,53,OldAdult
Good,NoBalance,NoProblem,AboveThousand,OneToFour,MaleMarried,One,No,NoCredit,Other,38,MidAgeAdult
Good,NoBalance,NoProblem,AboveThousand,AboveSevent,MaleMarried,OnePlus,No,NoCredit,Other,42,OldAdult
Bad,NoBalance,NoProblem,BellowHundred,BellowOneYear,MaleMarried,OnePlus,No,OtherBanks,HouseRelated,38,MidAgeAdult
Good,NoBalance,NoProblem,NoSavings,OneToFour,MaleSingle,One,Yes,NoCredit,HouseRelated,64,Senior
Good,NoBalance,NoProblem,NoSavings,OneToFour,MaleMarried,One,Yes,NoCredit,HouseRelated,35,MidAgeAdult
Good,NoBalance,NoProblem,NoSavings,BellowOneYear,Female,One,No,NoCredit,HouseRelated,26,MidAgeAdult
Good,NoBalance,NoProblem,NoSavings,OneToFour,MaleMarried,One,Yes,NoCredit,HouseRelated,33,MidAgeAdult
Good,NoBalance,NoProblem,NoSavings,FourToSevent,MaleMarried,OnePlus,Yes,NoCredit,HouseRelated,29,MidAgeAdult
Good,NoBalance,NoProblem,NoSavings,OneToFour,Female,OnePlus,Yes,NoCredit,HouseRelated,20,Young
Good,NoBalance,NoProblem,NoSavings,AboveSevent,MaleMarried,One,No,NoCredit,HouseRelated,28,MidAgeAdult
Good,NoAccount,NoProblem,NoSavings,AboveSevent,MaleMarried,OnePlus,No,NoCredit,Other,47,OldAdult
Good,NoBalance,NoProblem,NoSavings,OneToFour,MaleSingle,OnePlus,Yes,NoCredit,HouseRelated,49,OldAdult
Good,NoBalance,NoProblem,NoSavings,BellowOneYear,MaleSingle,One,Yes,NoCredit,HouseRelated,45,OldAdult
Good,NoBalance,NoProblem,NoSavings,BellowOneYear,MaleMarried,OnePlus,Yes,NoCredit,HouseRelated,23,Young
Good,NoBalance,NoProblem,NoSavings,OneToFour,Female,One,Yes,NoCredit,HouseRelated,25,Young
Good,NoBalance,NoProblem,NoSavings,OneToFour,MaleMarried,One,Yes,NoCredit,HouseRelated,34,MidAgeAdult
Good,NoBalance,NoProblem,NoSavings,BellowOneYear,MaleSingle,One,Yes,NoCredit,HouseRelated,23,Young
Good,NoBalance,NoProblem,NoSavings,AboveSevent,Female,One,Yes,NoCredit,HouseRelated,32,MidAgeAdult
Good,NoBalance,NoProblem,NoSavings,OneToFour,MaleSingle,One,Yes,NoCredit,HouseRelated,26,MidAgeAdult
Good,NoBalance,NoProblem,NoSavings,FourToSevent,MaleSingle,One,Yes,NoCredit,HouseRelated,44,OldAdult
Good,NoBalance,NoProblem,NoSavings,BellowOneYear,Female,One,Yes,OtherBanks,HouseRelated,26,MidAgeAdult
Good,SomeBalance,NoProblem,BellowHundred,AboveSevent,MaleSingle,OnePlus,No,NoCredit,Other,28,MidAgeAdult
Good,NoAccount,NoProblem,NoSavings,OneToFour,MaleMarried,OnePlus,No,NoCredit,HouseRelated,25,Young
Good,NoBalance,NoProblem,NoSavings,AboveSevent,MaleSingle,OnePlus,Yes,OtherBanks,HouseRelated,48,OldAdult
Good,NoBalance,NoProblem,AboveThousand,FourToSevent,MaleMarried,OnePlus,Yes,OtherBanks,HouseRelated,35,MidAgeAdult
Good,NoBalance,NoProblem,NoSavings,FourToSevent,Female,One,Yes,OtherBanks,HouseRelated,28,MidAgeAdult
Good,NoBalance,SomeProblems,NoSavings,OneToFour,MaleMarried,One,No,OtherBanks,HouseRelated,23,Young
Good,NoBalance,NoProblem,NoSavings,AboveSevent,Female,OnePlus,Yes,OtherBanks,HouseRelated,40,OldAdult
Good,NoBalance,NoProblem,AboveThousand,FourToSevent,MaleMarried,OnePlus,No,OtherBanks,NewCar,36,MidAgeAdult
Good,NoBalance,NoProblem,AboveThousand,AboveSevent,MaleMarried,OnePlus,Yes,NoCredit,HouseRelated,50,OldAdult
Good,NoAccount,NoProblem,NoSavings,OneToFour,MaleMarried,One,No,NoCredit,HouseRelated,24,Young
Good,SomeBalance,NoProblem,NoSavings,FourToSevent,MaleMarried,OnePlus,No,NoCredit,UsedCar,40,OldAdult
Good,NoBalance,NoProblem,NoSavings,OneToFour,MaleSingle,One,No,NoCredit,UsedCar,31,MidAgeAdult
Good,NoBalance,SomeProblems,AboveThousand,BellowOneYear,MaleSingle,One,No,OtherBanks,HouseRelated,29,MidAgeAdult
Good,SomeBalance,NoProblem,NoSavings,BellowOneYear,MaleSingle,One,No,OtherBanks,UsedCar,45,OldAdult
Bad,NoAccount,NoProblem,BellowHundred,OneToFour,MaleSingle,One,No,NoCredit,HouseRelated,32,MidAgeAdult
Good,SomeBalance,NoProblem,BellowHundred,FourToSevent,MaleSingle,One,No,NoCredit,HouseRelated,21,Young
Good,NoAccount,NoProblem,NoSavings,OneToFour,Female,One,No,NoCredit,Other,27,MidAgeAdult
Good,NoBalance,NoProblem,NoSavings,BellowOneYear,Female,One,No,NoCredit,HouseRelated,22,Young
Good,SomeBalance,NoProblem,NoSavings,BellowOneYear,MaleSingle,OnePlus,No,NoCredit,NewCar,46,OldAdult
Good,SomeBalance,NoProblem,NoSavings,OneToFour,MaleMarried,One,No,NoCredit,UsedCar,24,Young
Good,SomeBalance,NoProblem,NoSavings,FourToSevent,MaleMarried,OnePlus,No,NoCredit,HouseRelated,21,Young
Good,SomeBalance,NoProblem,NoSavings,OneToFour,MaleSingle,OnePlus,No,OtherBanks,Other,36,MidAgeAdult
Good,SomeBalance,NoProblem,NoSavings,OneToFour,Female,One,No,NoCredit,HouseRelated,28,MidAgeAdult
Good,NoBalance,NoProblem,BellowHundred,BellowOneYear,MaleMarried,One,No,NoCredit,NewCar,27,MidAgeAdult
Good,NoAccount,NoProblem,Other,AboveSevent,MaleSingle,OnePlus,No,NoCredit,HouseRelated,57,OldAdult
Bad,NoAccount,NoProblem,AboveThousand,AboveSevent,MaleMarried,One,No,NoCredit,NewCar,47,OldAdult
Good,NoBalance,NoProblem,NoSavings,OneToFour,MaleMarried,OnePlus,No,NoCredit,NewCar,34,MidAgeAdult
Good,NoAccount,NoProblem,AboveThousand,OneToFour,MaleSingle,OnePlus,No,NoCredit,HouseRelated,23,Young
Good,NoAccount,NoProblem,Other,AboveSevent,MaleSingle,OnePlus,No,NoCredit,UsedCar,57,OldAdult
Good,NoAccount,NoProblem,AboveThousand,AboveSevent,MaleMarried,OnePlus,No,NoCredit,HouseRelated,67,Senior
Good,SomeBalance,NoProblem,Other,FourToSevent,MaleMarried,OnePlus,No,NoCredit,HouseRelated,36,MidAgeAdult
Good,SomeBalance,NoProblem,AboveThousand,AboveSevent,MaleMarried,OnePlus,Yes,NoCredit,UsedCar,20,Young
Good,NoBalance,NoProblem,AboveThousand,AboveSevent,MaleMarried,OnePlus,No,NoCredit,Other,36,MidAgeAdult
Bad,NoAccount,SomeProblems,NoSavings,FourToSevent,MaleSingle,One,Yes,NoCredit,Other,37,MidAgeAdult
Good,SomeBalance,NoProblem,NoSavings,OneToFour,MaleMarried,One,No,OtherBanks,HouseRelated,31,MidAgeAdult
Good,SomeBalance,NoProblem,NoSavings,AboveSevent,MaleSingle,One,Yes,NoCredit,Other,62,Senior
Good,NoAccount,NoProblem,NoSavings,BellowOneYear,MaleMarried,OnePlus,Yes,NoCredit,HouseRelated,65,Senior
Good,SomeBalance,NoProblem,AboveThousand,AboveSevent,MaleMarried,OnePlus,No,NoCredit,Other,36,MidAgeAdult
Good,SomeBalance,NoProblem,AboveThousand,AboveSevent,MaleSingle,OnePlus,No,NoCredit,HouseRelated,41,OldAdult
Good,SomeBalance,NoProblem,NoSavings,OneToFour,MaleMarried,One,Yes,NoCredit,Other,26,MidAgeAdult
Good,SomeBalance,NoProblem,NoSavings,OneToFour,MaleMarried,OnePlus,No,NoCredit,HouseRelated,27,MidAgeAdult
Good,NoAccount,NoProblem,NoSavings,FourToSevent,MaleMarried,One,No,NoCredit,HouseRelated,50,OldAdult
Bad,SomeBalance,NoProblem,Other,OneToFour,MaleMarried,OnePlus,No,NoCredit,Other,54,OldAdult
Bad,NoBalance,NoProblem,AboveThousand,BellowOneYear,MaleSingle,One,No,NoCredit,UsedCar,27,MidAgeAdult
Bad,NoBalance,NoProblem,BellowHundred,OneToFour,Female,One,No,NoCredit,HouseRelated,24,Young
Bad,NoBalance,NoProblem,NoSavings,AboveSevent,MaleMarried,One,No,NoCredit,HouseRelated,50,OldAdult
Good,SomeBalance,NoProblem,NoSavings,AboveSevent,MaleMarried,One,No,NoCredit,HouseRelated,40,OldAdult
Good,SomeBalance,NoProblem,NoSavings,OneToFour,MaleMarried,OnePlus,No,OtherBanks,NewCar,28,MidAgeAdult
Good,SomeBalance,NoProblem,AboveThousand,FourToSevent,MaleMarried,One,No,OtherBanks,NewCar,31,MidAgeAdult
Good,NoAccount,NoProblem,NoSavings,OneToFour,MaleMarried,One,No,OtherBanks,UsedCar,27,MidAgeAdult
Good,NoBalance,NoProblem,NoSavings,OneToFour,Female,One,No,NoCredit,NewCar,21,Young
Good,SomeBalance,NoProblem,Other,FourToSevent,MaleSingle,One,No,OtherBanks,Other,31,MidAgeAdult
Good,SomeBalance,NoProblem,NoSavings,AboveSevent,MaleMarried,One,No,NoCredit,Other,39,MidAgeAdult
Good,SomeBalance,NoProblem,AboveThousand,OneToFour,MaleMarried,One,No,NoCredit,NewCar,30,MidAgeAdult
Good,NoBalance,NoProblem,AboveThousand,OneToFour,MaleMarried,One,No,NoCredit,HouseRelated,27,MidAgeAdult
Good,NoBalance,SomeProblems,NoSavings,BellowOneYear,MaleMarried,One,No,OtherBanks,NewCar,55,OldAdult
Good,SomeBalance,NoProblem,AboveThousand,OneToFour,MaleMarried,One,No,NoCredit,Other,34,MidAgeAdult
Good,SomeBalance,NoProblem,Other,AboveSevent,MaleMarried,OnePlus,No,NoCredit,NewCar,23,Young
Good,NoAccount,NoProblem,NoSavings,BellowOneYear,MaleSingle,One,No,NoCredit,Other,23,Young
Good,NoAccount,NoProblem,NoSavings,AboveSevent,MaleMarried,One,No,NoCredit,NewCar,42,OldAdult
Good,SomeBalance,NoProblem,Other,OneToFour,MaleSingle,One,No,NoCredit,HouseRelated,62,Senior
Good,NoBalance,NoProblem,NoSavings,AboveSevent,MaleMarried,OnePlus,No,NoCredit,HouseRelated,37,MidAgeAdult
Good,SomeBalance,NoProblem,Other,OneToFour,MaleMarried,OnePlus,No,NoCredit,HouseRelated,46,OldAdult
Good,NoBalance,NoProblem,NoSavings,AboveSevent,MaleMarried,OnePlus,No,NoCredit,HouseRelated,38,MidAgeAdult
Good,NoBalance,NoProblem,BellowHundred,AboveSevent,Female,OnePlus,No,OtherBanks,NewCar,31,MidAgeAdult
Good,SomeBalance,NoProblem,NoSavings,FourToSevent,MaleSingle,One,No,NoCredit,UsedCar,31,MidAgeAdult
Good,SomeBalance,NoProblem,Other,FourToSevent,MaleSingle,One,No,NoCredit,HouseRelated,61,Senior
Bad,NoAccount,NoProblem,AboveThousand,OneToFour,Female,One,No,NoCredit,UsedCar,20,Young
Good,SomeBalance,NoProblem,AboveThousand,AboveSevent,MaleMarried,OnePlus,No,NoCredit,NewCar,63,Senior
Good,SomeBalance,NoProblem,AboveThousand,FourToSevent,MaleSingle,One,No,OtherBanks,NewCar,24,Young
Good,SomeBalance,NoProblem,NoSavings,OneToFour,Female,One,No,NoCredit,UsedCar,21,Young
Good,NoBalance,NoProblem,AboveThousand,AboveSevent,MaleMarried,One,No,OtherBanks,NewCar,36,MidAgeAdult
Good,SomeBalance,NoProblem,NoSavings,AboveSevent,MaleMarried,OnePlus,No,NoCredit,HouseRelated,44,OldAdult
Good,NoBalance,NoProblem,NoSavings,FourToSevent,MaleSingle,OnePlus,No,NoCredit,HouseRelated,67,Senior
Good,SomeBalance,NoProblem,NoSavings,AboveSevent,MaleSingle,One,No,NoCredit,UsedCar,51,OldAdult
Good,NoBalance,NoProblem,BellowHundred,AboveSevent,MaleMarried,One,No,NoCredit,Other,30,MidAgeAdult
Bad,NoAccount,NoProblem,NoSavings,OneToFour,MaleMarried,One,No,NoCredit,Other,28,MidAgeAdult
Bad,NoBalance,NoProblem,Other,AboveSevent,MaleMarried,OnePlus,No,NoCredit,HouseRelated,32,MidAgeAdult
Bad,NoBalance,NoProblem,Other,BellowOneYear,MaleSingle,One,No,NoCredit,NewCar,28,MidAgeAdult
Bad,NoBalance,NoProblem,AboveThousand,BellowOneYear,MaleMarried,One,No,NoCredit,Other,23,Young
Bad,NoAccount,NoProblem,NoSavings,AboveSevent,MaleMarried,OnePlus,No,NoCredit,Other,33,MidAgeAdult
Bad,NoAccount,NoProblem,NoSavings,AboveSevent,MaleMarried,OnePlus,No,NoCredit,Other,60,Senior
Bad,NoAccount,NoProblem,NoSavings,OneToFour,MaleMarried,OnePlus,No,OtherBanks,Other,48,OldAdult
Bad,NoBalance,NoProblem,NoSavings,OneToFour,MaleSingle,One,Yes,OtherBanks,Other,24,Young
Bad,NoBalance,NoProblem,NoSavings,BellowOneYear,MaleSingle,OnePlus,No,NoCredit,Other,27,MidAgeAdult
Bad,NoBalance,NoProblem,NoSavings,FourToSevent,MaleMarried,OnePlus,No,NoCredit,HouseRelated,28,MidAgeAdult
Bad,NoAccount,NoProblem,NoSavings,OneToFour,MaleMarried,OnePlus,No,NoCredit,HouseRelated,65,Senior
Bad,SomeBalance,NoProblem,AboveThousand,OneToFour,MaleSingle,OnePlus,No,OtherBanks,Other,29,MidAgeAdult
Bad,NoBalance,NoProblem,NoSavings,OneToFour,MaleMarried,One,No,NoCredit,HouseRelated,42,OldAdult
Bad,SomeBalance,NoProblem,NoSavings,AboveSevent,MaleMarried,OnePlus,No,NoCredit,Other,47,OldAdult
Bad,SomeBalance,NoProblem,NoSavings,FourToSevent,MaleMarried,One,No,NoCredit,HouseRelated,22,Young
Bad,NoBalance,NoProblem,NoSavings,FourToSevent,MaleMarried,OnePlus,Yes,NoCredit,HouseRelated,25,Young
Bad,SomeBalance,NoProblem,NoSavings,OneToFour,MaleMarried,OnePlus,No,OtherBanks,Other,32,MidAgeAdult
Bad,NoBalance,SomeProblems,BellowHundred,FourToSevent,MaleMarried,One,No,NoCredit,Other,29,MidAgeAdult
Bad,NoAccount,NoProblem,AboveThousand,OneToFour,MaleSingle,One,No,NoCredit,HouseRelated,24,Young
Bad,NoAccount,NoProblem,NoSavings,BellowOneYear,MaleMarried,One,No,OtherBanks,HouseRelated,30,MidAgeAdult
Bad,NoAccount,NoProblem,NoSavings,BellowOneYear,MaleMarried,One,No,NoCredit,Other,27,MidAgeAdult
Bad,NoAccount,NoProblem,NoSavings,OneToFour,Female,One,No,NoCredit,HouseRelated,47,OldAdult
Bad,NoAccount,NoProblem,NoSavings,FourToSevent,MaleMarried,One,No,NoCredit,Other,24,Young
Bad,NoAccount,NoProblem,NoSavings,FourToSevent,MaleMarried,OnePlus,No,NoCredit,Other,24,Young
Bad,NoAccount,NoProblem,NoSavings,BellowOneYear,MaleSingle,One,No,NoCredit,Other,34,MidAgeAdult
Bad,NoBalance,NoProblem,NoSavings,AboveSevent,MaleSingle,One,No,NoCredit,UsedCar,40,OldAdult
Bad,NoAccount,NoProblem,NoSavings,OneToFour,MaleSingle,One,No,NoCredit,UsedCar,44,OldAdult
Bad,NoBalance,NoProblem,NoSavings,OneToFour,Female,One,No,NoCredit,HouseRelated,33,MidAgeAdult
Bad,SomeBalance,NoProblem,BellowHundred,OneToFour,MaleMarried,One,No,NoCredit,HouseRelated,40,OldAdult
Bad,NoBalance,NoProblem,NoSavings,FourToSevent,MaleMarried,One,No,NoCredit,UsedCar,49,OldAdult
Bad,NoAccount,NoProblem,NoSavings,BellowOneYear,Female,One,No,OtherBanks,HouseRelated,48,OldAdult
Bad,NoBalance,NoProblem,NoSavings,AboveSevent,MaleMarried,One,No,NoCredit,Other,57,OldAdult
Bad,NoBalance,SomeProblems,Other,BellowOneYear,MaleSingle,One,No,OtherBanks,HouseRelated,24,Young
Bad,NoAccount,SomeProblems,NoSavings,OneToFour,MaleSingle,One,No,NoCredit,HouseRelated,29,MidAgeAdult
Bad,SomeBalance,NoProblem,Other,AboveSevent,MaleMarried,OnePlus,No,OtherBanks,HouseRelated,35,MidAgeAdult
Bad,NoBalance,SomeProblems,BellowHundred,BellowOneYear,MaleSingle,One,No,OtherBanks,Other,32,MidAgeAdult
Bad,NoBalance,NoProblem,Other,OneToFour,Female,OnePlus,No,OtherBanks,HouseRelated,61,Senior
Bad,NoBalance,NoProblem,NoSavings,OneToFour,MaleMarried,OnePlus,No,NoCredit,Other,36,MidAgeAdult
Bad,NoBalance,NoProblem,NoSavings,BellowOneYear,MaleSingle,One,No,OtherBanks,UsedCar,25,Young
Bad,NoBalance,NoProblem,NoSavings,BellowOneYear,MaleSingle,OnePlus,No,NoCredit,Other,26,MidAgeAdult
Bad,SomeBalance,NoProblem,NoSavings,BellowOneYear,MaleSingle,One,No,NoCredit,HouseRelated,25,Young
Bad,NoAccount,SomeProblems,NoSavings,BellowOneYear,MaleSingle,One,No,OtherBanks,UsedCar,55,OldAdult
Bad,NoAccount,NoProblem,NoSavings,BellowOneYear,MaleSingle,One,No,NoCredit,HouseRelated,53,OldAdult
Bad,SomeBalance,NoProblem,NoSavings,AboveSevent,MaleMarried,One,No,NoCredit,Other,66,Senior
Bad,NoBalance,NoProblem,NoSavings,AboveSevent,MaleMarried,One,No,NoCredit,Other,61,Senior
Bad,SomeBalance,NoProblem,NoSavings,OneToFour,MaleMarried,One,No,NoCredit,UsedCar,34,MidAgeAdult
Bad,SomeBalance,NoProblem,NoSavings,BellowOneYear,MaleSingle,One,No,NoCredit,HouseRelated,33,MidAgeAdult
Bad,NoAccount,NoProblem,AboveThousand,AboveSevent,MaleSingle,One,No,OtherBanks,Other,29,MidAgeAdult
Bad,SomeBalance,NoProblem,NoSavings,FourToSevent,MaleMarried,One,No,OtherBanks,Other,38,MidAgeAdult
Bad,NoAccount,NoProblem,AboveThousand,OneToFour,MaleSingle,One,No,NoCredit,Other,35,MidAgeAdult
Bad,NoAccount,NoProblem,AboveThousand,FourToSevent,MaleSingle,One,No,NoCredit,Other,32,MidAgeAdult
Bad,NoAccount,NoProblem,AboveThousand,OneToFour,MaleSingle,One,No,NoCredit,Other,25,Young
Bad,NoBalance,NoProblem,AboveThousand,OneToFour,MaleSingle,One,No,NoCredit,Other,33,MidAgeAdult
Bad,NoAccount,NoProblem,AboveThousand,OneToFour,Female,One,No,NoCredit,Other,23,Young
Bad,NoAccount,NoProblem,NoSavings,BellowOneYear,MaleSingle,One,No,NoCredit,Other,24,Young
Bad,NoBalance,NoProblem,BellowHundred,BellowOneYear,MaleSingle,OnePlus,No,NoCredit,Other,28,MidAgeAdult
Bad,NoAccount,NoProblem,NoSavings,AboveSevent,MaleMarried,OnePlus,No,NoCredit,Other,63,Senior
Bad,NoAccount,NoProblem,NoSavings,AboveSevent,MaleMarried,One,No,NoCredit,UsedCar,39,MidAgeAdult
Bad,NoAccount,SomeProblems,NoSavings,AboveSevent,MaleSingle,One,No,NoCredit,HouseRelated,35,MidAgeAdult
Bad,NoBalance,NoProblem,NoSavings,OneToFour,MaleMarried,One,No,NoCredit,Other,23,Young
Bad,NoAccount,NoProblem,NoSavings,AboveSevent,MaleMarried,One,Yes,NoCredit,Other,36,MidAgeAdult
Bad,SomeBalance,NoProblem,NoSavings,BellowOneYear,MaleSingle,One,No,NoCredit,HouseRelated,23,Young
Bad,NoAccount,NoProblem,NoSavings,OneToFour,MaleSingle,One,No,NoCredit,HouseRelated,24,Young
Bad,NoBalance,SomeProblems,NoSavings,AboveSevent,MaleSingle,One,No,OtherBanks,NewCar,74,Senior
Bad,SomeBalance,NoProblem,NoSavings,FourToSevent,MaleSingle,One,No,NoCredit,UsedCar,22,Young
Bad,SomeBalance,NoProblem,BellowHundred,AboveSevent,MaleSingle,One,No,NoCredit,Other,48,OldAdult
Bad,NoAccount,NoProblem,NoSavings,FourToSevent,MaleMarried,One,No,NoCredit,Other,26,MidAgeAdult
Bad,NoBalance,NoProblem,NoSavings,OneToFour,MaleSingle,One,No,NoCredit,UsedCar,24,Young
Bad,SomeBalance,NoProblem,NoSavings,BellowOneYear,MaleSingle,OnePlus,Yes,NoCredit,UsedCar,19,Young
Bad,NoBalance,NoProblem,Other,FourToSevent,MaleMarried,OnePlus,Yes,OtherBanks,HouseRelated,27,MidAgeAdult
Bad,NoAccount,NoProblem,NoSavings,OneToFour,MaleMarried,One,No,OtherBanks,HouseRelated,29,MidAgeAdult
Bad,NoAccount,NoProblem,NoSavings,BellowOneYear,MaleSingle,One,No,NoCredit,HouseRelated,32,MidAgeAdult
Bad,NoAccount,NoProblem,NoSavings,OneToFour,MaleSingle,OnePlus,No,NoCredit,HouseRelated,25,Young
Bad,NoAccount,NoProblem,NoSavings,BellowOneYear,MaleSingle,One,No,NoCredit,HouseRelated,29,MidAgeAdult
Bad,NoBalance,NoProblem,NoSavings,BellowOneYear,MaleMarried,One,No,NoCredit,Other,47,OldAdult
Bad,NoBalance,NoProblem,BellowHundred,FourToSevent,MaleMarried,One,No,NoCredit,Other,34,MidAgeAdult
Bad,NoAccount,NoProblem,NoSavings,AboveSevent,MaleMarried,OnePlus,Yes,NoCredit,Other,43,OldAdult
Bad,NoBalance,NoProblem,NoSavings,OneToFour,MaleMarried,One,No,NoCredit,HouseRelated,30,MidAgeAdult
Bad,NoBalance,NoProblem,NoSavings,OneToFour,MaleSingle,One,No,NoCredit,HouseRelated,22,Young
Bad,NoBalance,NoProblem,NoSavings,OneToFour,MaleSingle,One,No,NoCredit,HouseRelated,42,OldAdult
Bad,SomeBalance,NoProblem,NoSavings,OneToFour,MaleMarried,OnePlus,No,NoCredit,HouseRelated,26,MidAgeAdult
Bad,SomeBalance,NoProblem,AboveThousand,BellowOneYear,MaleMarried,OnePlus,No,NoCredit,Other,27,MidAgeAdult
Bad,SomeBalance,NoProblem,NoSavings,OneToFour,MaleMarried,One,No,NoCredit,HouseRelated,26,MidAgeAdult
Bad,SomeBalance,NoProblem,NoSavings,BellowOneYear,MaleSingle,One,No,NoCredit,UsedCar,32,MidAgeAdult
Bad,NoBalance,NoProblem,NoSavings,OneToFour,MaleSingle,OnePlus,No,NoCredit,NewCar,23,Young
Bad,SomeBalance,NoProblem,NoSavings,OneToFour,MaleMarried,OnePlus,No,OtherBanks,Other,36,MidAgeAdult
Bad,NoBalance,NoProblem,NoSavings,FourToSevent,MaleSingle,One,No,NoCredit,UsedCar,43,OldAdult
Bad,SomeBalance,SomeProblems,NoSavings,AboveSevent,MaleMarried,OnePlus,No,OtherBanks,Other,39,MidAgeAdult
Bad,SomeBalance,NoProblem,Other,OneToFour,MaleSingle,One,No,NoCredit,Other,26,MidAgeAdult
Bad,NoAccount,NoProblem,AboveThousand,AboveSevent,MaleMarried,One,No,NoCredit,HouseRelated,40,OldAdult
Bad,NoBalance,NoProblem,NoSavings,BellowOneYear,MaleMarried,OnePlus,No,NoCredit,UsedCar,31,MidAgeAdult
Bad,SomeBalance,NoProblem,Other,OneToFour,MaleSingle,One,No,NoCredit,UsedCar,29,MidAgeAdult
Bad,NoBalance,NoProblem,NoSavings,OneToFour,MaleMarried,OnePlus,Yes,OtherBanks,Other,29,MidAgeAdult
Bad,NoBalance,NoProblem,NoSavings,OneToFour,MaleMarried,OnePlus,Yes,NoCredit,Other,39,MidAgeAdult
Bad,NoBalance,NoProblem,Other,OneToFour,MaleMarried,OnePlus,No,NoCredit,HouseRelated,23,Young
Bad,NoBalance,NoProblem,BellowHundred,BellowOneYear,MaleMarried,OnePlus,No,OtherBanks,HouseRelated,30,MidAgeAdult
Bad,NoBalance,SomeProblems,BellowHundred,AboveSevent,MaleSingle,OnePlus,No,OtherBanks,Other,60,Senior
Bad,NoBalance,NoProblem,BellowHundred,OneToFour,MaleSingle,One,Yes,NoCredit,HouseRelated,50,OldAdult
Bad,NoBalance,NoProblem,BellowHundred,OneToFour,MaleMarried,One,No,NoCredit,HouseRelated,47,OldAdult
Bad,NoBalance,NoProblem,BellowHundred,OneToFour,MaleMarried,One,Yes,NoCredit,HouseRelated,21,Young
Bad,NoAccount,SomeProblems,NoSavings,OneToFour,MaleSingle,One,No,OtherBanks,HouseRelated,24,Young
Bad,NoBalance,NoProblem,NoSavings,AboveSevent,MaleSingle,OnePlus,No,NoCredit,Other,31,MidAgeAdult
Bad,SomeBalance,NoProblem,AboveThousand,FourToSevent,MaleMarried,OnePlus,No,OtherBanks,Other,37,MidAgeAdult
Bad,SomeBalance,NoProblem,NoSavings,BellowOneYear,Female,One,Yes,NoCredit,UsedCar,43,OldAdult
Bad,NoAccount,NoProblem,NoSavings,FourToSevent,MaleMarried,One,No,NoCredit,Other,46,OldAdult
Bad,NoAccount,SomeProblems,Other,BellowOneYear,MaleMarried,One,No,NoCredit,UsedCar,30,MidAgeAdult
Bad,NoAccount,NoProblem,NoSavings,OneToFour,MaleSingle,One,No,NoCredit,HouseRelated,31,MidAgeAdult
Bad,NoAccount,NoProblem,NoSavings,BellowOneYear,MaleMarried,One,No,NoCredit,HouseRelated,34,MidAgeAdult
Bad,NoAccount,NoProblem,BellowHundred,BellowOneYear,Female,One,No,NoCredit,HouseRelated,33,MidAgeAdult
Bad,SomeBalance,NoProblem,AboveThousand,OneToFour,MaleSingle,One,No,OtherBanks,Other,38,MidAgeAdult
Bad,NoAccount,NoProblem,NoSavings,BellowOneYear,MaleSingle,One,No,NoCredit,Other,24,Young
Bad,NoBalance,NoProblem,NoSavings,BellowOneYear,Female,One,No,NoCredit,HouseRelated,23,Young
Bad,SomeBalance,NoProblem,NoSavings,FourToSevent,MaleMarried,OnePlus,No,OtherBanks,Other,31,MidAgeAdult
Bad,NoAccount,NoProblem,NoSavings,OneToFour,MaleMarried,One,No,OtherBanks,HouseRelated,27,MidAgeAdult
Bad,SomeBalance,NoProblem,AboveThousand,OneToFour,MaleMarried,OnePlus,No,NoCredit,HouseRelated,39,MidAgeAdult
Bad,NoBalance,NoProblem,NoSavings,BellowOneYear,MaleSingle,One,No,NoCredit,Other,25,Young
Bad,NoBalance,NoProblem,NoSavings,BellowOneYear,Female,One,No,NoCredit,NewCar,28,MidAgeAdult
Bad,NoBalance,NoProblem,BellowHundred,BellowOneYear,MaleSingle,OnePlus,No,OtherBanks,UsedCar,27,MidAgeAdult
Bad,NoBalance,NoProblem,NoSavings,BellowOneYear,MaleSingle,One,No,NoCredit,Other,25,Young
Bad,NoAccount,NoProblem,NoSavings,OneToFour,MaleMarried,One,No,NoCredit,HouseRelated,54,OldAdult
Bad,SomeBalance,NoProblem,NoSavings,OneToFour,MaleSingle,OnePlus,No,OtherBanks,Other,25,Young
Bad,SomeBalance,NoProblem,NoSavings,BellowOneYear,MaleSingle,One,Yes,NoCredit,HouseRelated,22,Young
Bad,SomeBalance,NoProblem,NoSavings,BellowOneYear,MaleSingle,OnePlus,No,NoCredit,Other,28,MidAgeAdult
Bad,NoBalance,SomeProblems,NoSavings,FourToSevent,MaleSingle,One,No,OtherBanks,HouseRelated,34,MidAgeAdult
Bad,NoBalance,NoProblem,NoSavings,BellowOneYear,Female,OnePlus,No,NoCredit,Other,28,MidAgeAdult
Bad,NoBalance,NoProblem,NoSavings,BellowOneYear,Female,OnePlus,No,NoCredit,Other,28,MidAgeAdult
Bad,NoAccount,NoProblem,NoSavings,OneToFour,MaleSingle,One,No,NoCredit,HouseRelated,31,MidAgeAdult
Bad,NoAccount,NoProblem,NoSavings,BellowOneYear,MaleSingle,One,No,NoCredit,HouseRelated,22,Young
Bad,NoAccount,SomeProblems,AboveThousand,AboveSevent,MaleMarried,One,No,OtherBanks,Other,40,OldAdult
Bad,NoAccount,NoProblem,NoSavings,BellowOneYear,MaleMarried,One,No,NoCredit,UsedCar,25,Young
Bad,SomeBalance,NoProblem,NoSavings,BellowOneYear,MaleMarried,OnePlus,No,NoCredit,HouseRelated,34,MidAgeAdult
Bad,NoAccount,NoProblem,NoSavings,AboveSevent,MaleMarried,One,No,OtherBanks,Other,42,OldAdult
Bad,NoBalance,SomeProblems,BellowHundred,OneToFour,Female,One,No,NoCredit,Other,25,Young
Bad,NoBalance,NoProblem,BellowHundred,OneToFour,MaleSingle,OnePlus,No,NoCredit,Other,28,MidAgeAdult
Bad,NoBalance,NoProblem,BellowHundred,FourToSevent,MaleMarried,One,No,NoCredit,Other,24,Young
Bad,NoAccount,NoProblem,NoSavings,BellowOneYear,MaleSingle,One,No,NoCredit,Other,27,MidAgeAdult
Bad,NoAccount,NoProblem,NoSavings,OneToFour,MaleSingle,OnePlus,No,NoCredit,HouseRelated,25,Young
Bad,NoAccount,NoProblem,NoSavings,BellowOneYear,MaleSingle,One,No,NoCredit,HouseRelated,35,MidAgeAdult
Bad,NoBalance,NoProblem,BellowHundred,BellowOneYear,MaleMarried,One,Yes,NoCredit,UsedCar,29,MidAgeAdult
Bad,NoBalance,NoProblem,NoSavings,FourToSevent,MaleMarried,One,No,NoCredit,Other,27,MidAgeAdult
Bad,NoAccount,NoProblem,NoSavings,FourToSevent,MaleMarried,OnePlus,No,NoCredit,NewCar,24,Young
Bad,NoBalance,NoProblem,AboveThousand,OneToFour,Female,One,No,NoCredit,HouseRelated,25,Young
Bad,NoAccount,NoProblem,NoSavings,BellowOneYear,MaleSingle,One,No,NoCredit,UsedCar,33,MidAgeAdult
Bad,NoBalance,NoProblem,NoSavings,BellowOneYear,MaleSingle,One,No,NoCredit,UsedCar,34,MidAgeAdult
Bad,NoBalance,NoProblem,NoSavings,BellowOneYear,MaleSingle,One,No,NoCredit,NewCar,38,MidAgeAdult
Bad,SomeBalance,NoProblem,Other,BellowOneYear,MaleMarried,One,No,OtherBanks,Other,41,OldAdult
Bad,SomeBalance,NoProblem,NoSavings,OneToFour,MaleSingle,One,No,NoCredit,Other,21,Young
Bad,NoBalance,NoProblem,NoSavings,OneToFour,MaleMarried,One,No,NoCredit,Other,36,MidAgeAdult
Bad,SomeBalance,NoProblem,AboveThousand,OneToFour,MaleMarried,One,Yes,NoCredit,Other,27,MidAgeAdult
Bad,NoAccount,NoProblem,NoSavings,FourToSevent,MaleMarried,One,Yes,NoCredit,Other,31,MidAgeAdult
Bad,NoAccount,NoProblem,NoSavings,BellowOneYear,MaleMarried,One,No,NoCredit,Other,33,MidAgeAdult
Bad,NoBalance,NoProblem,NoSavings,AboveSevent,MaleMarried,OnePlus,No,OtherBanks,Other,57,OldAdult
Bad,NoAccount,NoProblem,NoSavings,OneToFour,MaleMarried,One,Yes,NoCredit,UsedCar,42,OldAdult
Bad,NoAccount,NoProblem,NoSavings,BellowOneYear,MaleSingle,One,No,NoCredit,UsedCar,26,MidAgeAdult
Bad,NoAccount,NoProblem,NoSavings,OneToFour,MaleSingle,OnePlus,No,NoCredit,UsedCar,24,Young
Bad,NoAccount,SomeProblems,NoSavings,OneToFour,MaleMarried,One,No,OtherBanks,UsedCar,44,OldAdult
Bad,NoAccount,NoProblem,NoSavings,FourToSevent,MaleSingle,One,No,NoCredit,UsedCar,23,Young
Bad,NoAccount,NoProblem,NoSavings,BellowOneYear,MaleMarried,OnePlus,No,NoCredit,Other,43,OldAdult
Bad,NoAccount,NoProblem,NoSavings,OneToFour,MaleMarried,OnePlus,No,NoCredit,UsedCar,53,OldAdult
Bad,NoAccount,NoProblem,NoSavings,OneToFour,MaleMarried,OnePlus,No,NoCredit,Other,53,OldAdult
Bad,NoAccount,NoProblem,NoSavings,AboveSevent,MaleMarried,OnePlus,No,NoCredit,Other,35,MidAgeAdult
Bad,NoAccount,NoProblem,NoSavings,FourToSevent,MaleMarried,OnePlus,No,OtherBanks,HouseRelated,26,MidAgeAdult
Bad,NoAccount,SomeProblems,NoSavings,AboveSevent,MaleMarried,One,No,OtherBanks,UsedCar,31,MidAgeAdult
Bad,NoAccount,NoProblem,NoSavings,AboveSevent,MaleMarried,OnePlus,No,OtherBanks,UsedCar,23,Young
Bad,NoAccount,NoProblem,NoSavings,OneToFour,MaleMarried,One,No,NoCredit,UsedCar,22,Young
Bad,NoAccount,NoProblem,NoSavings,OneToFour,MaleSingle,One,No,NoCredit,UsedCar,20,Young
Bad,NoBalance,NoProblem,NoSavings,BellowOneYear,MaleSingle,OnePlus,No,NoCredit,UsedCar,25,Young
Bad,NoAccount,NoProblem,NoSavings,AboveSevent,MaleMarried,OnePlus,No,NoCredit,NewCar,24,Young
Bad,NoAccount,NoProblem,NoSavings,AboveSevent,MaleMarried,OnePlus,No,NoCredit,NewCar,46,OldAdult
Bad,NoAccount,SomeProblems,NoSavings,FourToSevent,MaleMarried,One,No,OtherBanks,UsedCar,27,MidAgeAdult
Bad,NoAccount,SomeProblems,NoSavings,BellowOneYear,MaleMarried,OnePlus,No,OtherBanks,Other,46,OldAdult
Bad,NoAccount,NoProblem,NoSavings,FourToSevent,MaleSingle,OnePlus,No,NoCredit,Other,23,Young
Bad,NoAccount,NoProblem,NoSavings,BellowOneYear,MaleMarried,OnePlus,No,NoCredit,Other,50,OldAdult
Bad,NoAccount,NoProblem,NoSavings,BellowOneYear,MaleMarried,OnePlus,No,OtherBanks,HouseRelated,26,MidAgeAdult
Bad,NoAccount,NoProblem,NoSavings,OneToFour,MaleSingle,One,No,NoCredit,UsedCar,20,Young
Bad,NoAccount,SomeProblems,NoSavings,OneToFour,MaleMarried,One,No,OtherBanks,Other,31,MidAgeAdult
Bad,NoAccount,NoProblem,NoSavings,FourToSevent,Female,One,No,NoCredit,Other,21,Young
Bad,NoAccount,NoProblem,NoSavings,FourToSevent,MaleMarried,OnePlus,No,NoCredit,NewCar,39,MidAgeAdult
Bad,NoBalance,NoProblem,NoSavings,OneToFour,MaleMarried,One,No,OtherBanks,Other,25,Young
Bad,NoBalance,NoProblem,NoSavings,AboveSevent,MaleMarried,OnePlus,Yes,NoCredit,Other,30,MidAgeAdult
Bad,NoAccount,NoProblem,NoSavings,BellowOneYear,MaleSingle,One,No,OtherBanks,Other,37,MidAgeAdult
Bad,NoBalance,NoProblem,NoSavings,AboveSevent,MaleSingle,OnePlus,No,NoCredit,Other,46,OldAdult
Bad,NoAccount,NoProblem,NoSavings,FourToSevent,MaleSingle,One,No,NoCredit,Other,36,MidAgeAdult
Bad,NoAccount,NoProblem,NoSavings,AboveSevent,MaleMarried,One,Yes,NoCredit,Other,43,OldAdult
Bad,NoAccount,NoProblem,NoSavings,OneToFour,Female,OnePlus,Yes,OtherBanks,Other,33,MidAgeAdult
Bad,NoBalance,NoProblem,NoSavings,OneToFour,MaleSingle,One,No,OtherBanks,UsedCar,29,MidAgeAdult
Bad,NoBalance,NoProblem,NoSavings,AboveSevent,MaleMarried,One,No,NoCredit,Other,36,MidAgeAdult
Bad,NoBalance,NoProblem,NoSavings,BellowOneYear,MaleMarried,One,No,OtherBanks,Other,23,Young
Bad,NoBalance,NoProblem,BellowHundred,AboveSevent,MaleMarried,OnePlus,No,OtherBanks,Other,42,OldAdult
Bad,SomeBalance,NoProblem,Other,OneToFour,MaleMarried,One,No,NoCredit,Other,44,OldAdult
Bad,NoBalance,NoProblem,NoSavings,AboveSevent,MaleMarried,One,No,OtherBanks,Other,41,OldAdult
Bad,SomeBalance,NoProblem,NoSavings,AboveSevent,MaleMarried,One,No,OtherBanks,HouseRelated,41,OldAdult
Bad,NoBalance,NoProblem,AboveThousand,OneToFour,MaleMarried,One,No,OtherBanks,Other,37,MidAgeAdult
Bad,NoAccount,NoProblem,NoSavings,AboveSevent,MaleMarried,One,No,NoCredit,HouseRelated,57,OldAdult
Bad,NoBalance,SomeProblems,BellowHundred,BellowOneYear,MaleMarried,One,No,OtherBanks,Other,34,MidAgeAdult
Bad,SomeBalance,NoProblem,NoSavings,OneToFour,MaleMarried,One,No,NoCredit,UsedCar,25,Young
Bad,SomeBalance,SomeProblems,AboveThousand,BellowOneYear,MaleSingle,One,No,OtherBanks,NewCar,53,OldAdult
Bad,NoAccount,SomeProblems,NoSavings,FourToSevent,MaleMarried,OnePlus,No,OtherBanks,Other,32,MidAgeAdult
Bad,SomeBalance,NoProblem,AboveThousand,AboveSevent,MaleSingle,One,No,NoCredit,HouseRelated,33,MidAgeAdult
Bad,NoBalance,NoProblem,NoSavings,BellowOneYear,MaleMarried,OnePlus,No,OtherBanks,HouseRelated,24,Young
Bad,SomeBalance,NoProblem,Other,FourToSevent,Female,OnePlus,No,NoCredit,Other,28,MidAgeAdult
Bad,NoBalance,NoProblem,NoSavings,AboveSevent,MaleSingle,One,No,NoCredit,Other,39,MidAgeAdult
Bad,SomeBalance,NoProblem,BellowHundred,OneToFour,MaleSingle,OnePlus,No,NoCredit,NewCar,24,Young
Bad,SomeBalance,SomeProblems,NoSavings,BellowOneYear,MaleSingle,One,No,OtherBanks,Other,26,MidAgeAdult
Bad,NoAccount,NoProblem,NoSavings,BellowOneYear,MaleSingle,OnePlus,No,NoCredit,HouseRelated,55,OldAdult
Bad,NoBalance,NoProblem,BellowHundred,AboveSevent,MaleSingle,OnePlus,No,NoCredit,Other,61,Senior
Bad,NoBalance,NoProblem,BellowHundred,OneToFour,MaleSingle,One,Yes,OtherBanks,UsedCar,21,Young
Bad,NoBalance,NoProblem,BellowHundred,OneToFour,MaleSingle,OnePlus,No,NoCredit,Other,26,MidAgeAdult
Bad,NoBalance,NoProblem,BellowHundred,BellowOneYear,Female,One,No,NoCredit,HouseRelated,22,Young
Bad,SomeBalance,NoProblem,AboveThousand,OneToFour,MaleMarried,OnePlus,No,OtherBanks,Other,68,Senior
Bad,NoBalance,NoProblem,NoSavings,BellowOneYear,MaleMarried,One,No,NoCredit,HouseRelated,22,Young
Bad,NoBalance,NoProblem,NoSavings,BellowOneYear,MaleMarried,One,No,NoCredit,Other,58,OldAdult
Bad,NoAccount,NoProblem,NoSavings,BellowOneYear,MaleSingle,One,No,NoCredit,UsedCar,23,Young
Bad,NoBalance,NoProblem,NoSavings,AboveSevent,MaleMarried,One,No,NoCredit,HouseRelated,37,MidAgeAdult
Bad,NoBalance,NoProblem,NoSavings,BellowOneYear,MaleSingle,One,No,OtherBanks,UsedCar,26,MidAgeAdult
Bad,SomeBalance,NoProblem,NoSavings,BellowOneYear,MaleMarried,OnePlus,No,OtherBanks,Other,27,MidAgeAdult
Bad,NoAccount,NoProblem,NoSavings,OneToFour,Female,One,No,NoCredit,HouseRelated,26,MidAgeAdult
Bad,NoAccount,NoProblem,NoSavings,OneToFour,MaleMarried,One,No,NoCredit,HouseRelated,23,Young
Bad,NoAccount,SomeProblems,AboveThousand,OneToFour,MaleMarried,OnePlus,No,OtherBanks,Other,40,OldAdult
Bad,SomeBalance,NoProblem,NoSavings,BellowOneYear,MaleMarried,One,No,NoCredit,Other,33,MidAgeAdult
Bad,NoBalance,NoProblem,NoSavings,AboveSevent,MaleSingle,OnePlus,No,OtherBanks,Other,42,OldAdult
Bad,SomeBalance,NoProblem,NoSavings,OneToFour,MaleMarried,One,Yes,NoCredit,HouseRelated,37,MidAgeAdult
Bad,NoAccount,NoProblem,NoSavings,AboveSevent,MaleMarried,OnePlus,No,NoCredit,Other,29,MidAgeAdult
Bad,NoAccount,NoProblem,NoSavings,BellowOneYear,MaleSingle,One,No,NoCredit,HouseRelated,23,Young
Bad,NoAccount,NoProblem,NoSavings,BellowOneYear,MaleSingle,One,No,OtherBanks,HouseRelated,34,MidAgeAdult
Bad,NoBalance,NoProblem,NoSavings,OneToFour,MaleSingle,One,No,OtherBanks,Other,32,MidAgeAdult
Bad,NoAccount,NoProblem,NoSavings,AboveSevent,MaleMarried,One,No,OtherBanks,Other,68,Senior
Bad,NoBalance,NoProblem,AboveThousand,AboveSevent,MaleSingle,One,No,NoCredit,UsedCar,25,Young
Bad,NoAccount,NoProblem,NoSavings,AboveSevent,MaleMarried,One,No,NoCredit,NewCar,35,MidAgeAdult
Bad,NoBalance,NoProblem,NoSavings,BellowOneYear,Female,One,No,NoCredit,HouseRelated,22,Young
Bad,SomeBalance,NoProblem,NoSavings,OneToFour,Female,One,No,NoCredit,Other,28,MidAgeAdult
Bad,NoBalance,NoProblem,NoSavings,OneToFour,MaleSingle,One,No,NoCredit,UsedCar,30,MidAgeAdult
Bad,NoAccount,NoProblem,NoSavings,OneToFour,MaleSingle,OnePlus,No,OtherBanks,HouseRelated,25,Young
Bad,NoAccount,NoProblem,NoSavings,FourToSevent,Female,OnePlus,Yes,NoCredit,HouseRelated,34,MidAgeAdult
Bad,SomeBalance,NoProblem,NoSavings,BellowOneYear,MaleMarried,OnePlus,No,OtherBanks,Other,42,OldAdult
Bad,NoAccount,NoProblem,NoSavings,AboveSevent,MaleSingle,One,No,NoCredit,Other,45,OldAdult
Bad,NoAccount,NoProblem,BellowHundred,FourToSevent,Female,One,No,NoCredit,HouseRelated,20,Young
Bad,NoAccount,NoProblem,NoSavings,BellowOneYear,MaleSingle,One,No,NoCredit,Other,23,Young
Bad,NoBalance,NoProblem,NoSavings,OneToFour,MaleSingle,One,No,NoCredit,Other,20,Young
Bad,NoAccount,NoProblem,NoSavings,BellowOneYear,MaleSingle,One,No,NoCredit,HouseRelated,27,MidAgeAdult
Bad,NoBalance,NoProblem,NoSavings,AboveSevent,MaleSingle,One,No,NoCredit,NewCar,44,OldAdult
Bad,NoAccount,NoProblem,AboveThousand,AboveSevent,MaleMarried,One,No,NoCredit,NewCar,51,OldAdult
Bad,NoAccount,NoProblem,NoSavings,AboveSevent,MaleSingle,OnePlus,No,OtherBanks,Other,33,MidAgeAdult
Bad,NoAccount,NoProblem,NoSavings,OneToFour,MaleMarried,OnePlus,No,NoCredit,HouseRelated,28,MidAgeAdult
Bad,NoAccount,NoProblem,NoSavings,OneToFour,MaleMarried,One,No,NoCredit,HouseRelated,21,Young
Bad,NoAccount,NoProblem,NoSavings,AboveSevent,MaleMarried,One,Yes,NoCredit,Other,45,OldAdult
Bad,SomeBalance,NoProblem,AboveThousand,AboveSevent,MaleMarried,One,No,NoCredit,Other,30,MidAgeAdult
Bad,NoBalance,NoProblem,AboveThousand,BellowOneYear,MaleMarried,One,No,NoCredit,HouseRelated,52,OldAdult
Bad,NoAccount,NoProblem,AboveThousand,AboveSevent,MaleMarried,One,No,NoCredit,UsedCar,31,MidAgeAdult
